library_id,ad_url,started_running,sponsor,ad_body,media_url
25580011711652733,https://www.facebook.com/ads/library/?id=25580011711652733,"Jan 4, 2026",Meta Ad Library,Ad Library Ad Library Report Ad Library API Branded Content All All ads Search by keyword or advertiser Log in Ad Library Ad Library Report Ad Library API Branded Content System status Subscribe to email updates FAQ About ads and data use Privacy Terms Cookies ~260 results These results include ads that match your keyword search. Filters Sort Sort by Active status: Active ads Remove Platforms This ad has multiple versions Open Dropdown,https://scontent.fjrs4-1.fna.fbcdn.net/v/t39.35426-6/608516764_1566910874649748_8225265581636512136_n.jpg?stp=dst-jpg_s60x60_tt6&_nc_cat=108&ccb=1-7&_nc_sid=c53f8f&_nc_ohc=xRMza3QacmYQ7kNvwGxbGxF&_nc_oc=AdnDbH-Bco28Lxlzsoy_v58y5PU_Mfp0J2WNwbStuf6BSFsilPMAzP7kfA--sYIhEHQ&_nc_zt=14&_nc_ht=scontent.fjrs4-1.fna&_nc_gid=2IDzNZYi72n0-Fuul_INbA&oh=00_Afs6Jv__7HtGGBqek-qmzK4v5Ox1Np-SKqApwBwxHIcdDA&oe=698857B2
1207056540881551,https://www.facebook.com/ads/library/?id=1207056540881551,"Jan 6, 2026",​,Platforms Open Dropdown,https://scontent.fjrs4-1.fna.fbcdn.net/v/t39.35426-6/611631053_25543080212026120_6884429902678367872_n.jpg?stp=dst-jpg_s60x60_tt6&_nc_cat=102&ccb=1-7&_nc_sid=c53f8f&_nc_ohc=X57FeW7jmhYQ7kNvwF0aClU&_nc_oc=AdmGo_nJLGSjX2xGRrEPaBzzvP-Muf6orpUlr1Jr_1pCz-y1nnSJOk3ROf8TxuXU1A0&_nc_zt=14&_nc_ht=scontent.fjrs4-1.fna&_nc_gid=2IDzNZYi72n0-Fuul_INbA&oh=00_AfuL52B0aGppOjCXAmjUexz4Afo0GQ4SWrDV3OBFBS_6mg&oe=698826CD
1821488532097094,https://www.facebook.com/ads/library/?id=1821488532097094,"Sep 25, 2025",​,Platforms This ad has multiple versions EU transparency Open Dropdown,https://scontent.fjrs4-1.fna.fbcdn.net/v/t39.35426-6/552903268_1180926480546525_6453166570284866237_n.jpg?stp=dst-jpg_s60x60_tt6&_nc_cat=102&ccb=1-7&_nc_sid=c53f8f&_nc_ohc=4eYNTuwyOQEQ7kNvwHZbsih&_nc_oc=AdlkbWMbZWw4A3QUuEWfb03Y9f8iOzOB2cMSIo6KurDBXRSMivlu9P9eZiMs6pESkOc&_nc_zt=14&_nc_ht=scontent.fjrs4-1.fna&_nc_gid=2IDzNZYi72n0-Fuul_INbA&oh=00_AfujLgLpnGmAxFkfVpekFkdViwYdDJ0pAZIj0qw6JHJPJA&oe=6988343B
3216113868550456,https://www.facebook.com/ads/library/?id=3216113868550456,"Jan 6, 2026",​,Platforms Open Dropdown,https://scontent.fjrs4-1.fna.fbcdn.net/v/t39.35426-6/612073270_898927542480463_6757617382529567029_n.jpg?stp=dst-jpg_s60x60_tt6&_nc_cat=109&ccb=1-7&_nc_sid=c53f8f&_nc_ohc=qf97Vi3NaT0Q7kNvwGQiW6C&_nc_oc=AdnK3_dcQmLQ-8z6F1TjfPsWRmqKm-FV8tQX_Vq6LGtmJXar3-rT9ZmdYas0H0qaXRA&_nc_zt=14&_nc_ht=scontent.fjrs4-1.fna&_nc_gid=2IDzNZYi72n0-Fuul_INbA&oh=00_AfvvACtZscbH0sQWcITaOwdUMiv624PlWpexrIcA2exvRg&oe=69884FD2
1148758627189980,https://www.facebook.com/ads/library/?id=1148758627189980,"Sep 29, 2025",​,Platforms Open Dropdown,https://scontent.fjrs4-1.fna.fbcdn.net/v/t39.35426-6/556470287_1583553426343569_6900430266328679420_n.jpg?stp=dst-jpg_s60x60_tt6&_nc_cat=106&ccb=1-7&_nc_sid=c53f8f&_nc_ohc=giyzh5rGT2kQ7kNvwF1gnaZ&_nc_oc=AdmFDlJTCZ0x7B4Woehuo01-Y7DIc35U9dF5BxMTrhHKU3W-4NiPhGHAj8wzIrgtnzk&_nc_zt=14&_nc_ht=scontent.fjrs4-1.fna&_nc_gid=2IDzNZYi72n0-Fuul_INbA&oh=00_AfsRs3M6zGjelhXmjmnefgCxjXzcBQZo0MGgrd88JBM6oA&oe=698830BB
874512975501509,https://www.facebook.com/ads/library/?id=874512975501509,"Feb 1, 2026",​,Platforms This ad has multiple versions Open Dropdown,https://scontent.fjrs4-1.fna.fbcdn.net/v/t39.35426-6/626864686_25996285096669237_8763821356707283297_n.jpg?stp=dst-jpg_s60x60_tt6&_nc_cat=110&ccb=1-7&_nc_sid=c53f8f&_nc_ohc=xuBoW_DTSGYQ7kNvwG5ZmyH&_nc_oc=AdkAwhNOQL0krNGYJkWQallzLlsStzlBL2smHdidydIrgCtfFX6d-p_VW_iz9ENs47U&_nc_zt=14&_nc_ht=scontent.fjrs4-1.fna&_nc_gid=2IDzNZYi72n0-Fuul_INbA&oh=00_AfsVYw6vEQaOmMQPEug9Cg_q6yiL29zz8fU-KgHMqJsqqA&oe=69882BEE
906826481851706,https://www.facebook.com/ads/library/?id=906826481851706,"Jan 28, 2026",​,Platforms This ad has multiple versions Open Dropdown,https://scontent.fjrs4-1.fna.fbcdn.net/v/t39.35426-6/622153340_4295153717391783_559881924105430588_n.jpg?stp=dst-jpg_s60x60_tt6&_nc_cat=106&ccb=1-7&_nc_sid=c53f8f&_nc_ohc=p6lCoS77XlAQ7kNvwExrfPZ&_nc_oc=Adm6qd8axqi1Hm4Mq-wYu1OtDdm2x8D_kb6qNfLk-eYHcDRtqw1tUCQ84v0_74V1_Pg&_nc_zt=14&_nc_ht=scontent.fjrs4-1.fna&_nc_gid=2IDzNZYi72n0-Fuul_INbA&oh=00_Afscqs5JHszcAJpXUWw_q9ji1zLqBZ3YKP4e5VPhx4AEDw&oe=69883B7A
1728348755215064,https://www.facebook.com/ads/library/?id=1728348755215064,"Jan 26, 2026",​,Platforms This ad has multiple versions Open Dropdown,https://scontent.fjrs4-1.fna.fbcdn.net/v/t39.35426-6/618923213_766891265877573_6447506366661246393_n.jpg?stp=dst-jpg_s60x60_tt6&_nc_cat=106&ccb=1-7&_nc_sid=c53f8f&_nc_ohc=kmfCFR8os1gQ7kNvwF4jFjC&_nc_oc=AdkiRXAcHiPPjx-pEonc-lHW0EMmyfeyb1LiKukNR_9g3ZZPTDb82fRhfaiQPP5GT98&_nc_zt=14&_nc_ht=scontent.fjrs4-1.fna&_nc_gid=2IDzNZYi72n0-Fuul_INbA&oh=00_AfsfQ4w6PpfbS7P71CZ5m9VA-3dOxAGNmhWKSwCw_vBjAg&oe=698845A5
1212937277441345,https://www.facebook.com/ads/library/?id=1212937277441345,"Jan 2, 2026",​,Platforms Open Dropdown,https://scontent.fjrs4-1.fna.fbcdn.net/v/t39.35426-6/608561903_2250081398851136_1976755483716526188_n.jpg?stp=dst-jpg_s60x60_tt6&_nc_cat=106&ccb=1-7&_nc_sid=c53f8f&_nc_ohc=rkry86DK9n0Q7kNvwHTdjFa&_nc_oc=AdnrAyB5OTMXfveGn8L_G5RKCv_FWwwwKP44nfoNqGKuaGv_PciEKYxcZ7iyXLuG_H0&_nc_zt=14&_nc_ht=scontent.fjrs4-1.fna&_nc_gid=2IDzNZYi72n0-Fuul_INbA&oh=00_AfsirJN8RnWq2NsE6MucDoX7ySdtKFA1N5W0lfNJKeE3pg&oe=698845C3
1567455714569295,https://www.facebook.com/ads/library/?id=1567455714569295,"Dec 22, 2025",​,Platforms This ad has multiple versions Open Dropdown,https://scontent.fjrs4-1.fna.fbcdn.net/v/t39.35426-6/601005178_1389803286198445_4029832841158359877_n.jpg?stp=dst-jpg_s60x60_tt6&_nc_cat=111&ccb=1-7&_nc_sid=c53f8f&_nc_ohc=eGaCIYkRzmEQ7kNvwEzm9NE&_nc_oc=AdmBxSxOqV76Wg1B-qUAVbPF1Ve7LMyQBec33Gvsx19_wJT_dxxQptJSI90YYOcv_pI&_nc_zt=14&_nc_ht=scontent.fjrs4-1.fna&_nc_gid=2IDzNZYi72n0-Fuul_INbA&oh=00_AfvbRXfZ6bT1SqyJAnIak_RFuu-QzV3uAUANaXVJs_niAQ&oe=698843BB
1600633084691251,https://www.facebook.com/ads/library/?id=1600633084691251,"Feb 3, 2026 · Total active time 12 hrs",​,Platforms Open Dropdown,https://scontent.fjrs4-1.fna.fbcdn.net/v/t39.35426-6/624502147_881549354803503_4317198640947633976_n.jpg?stp=dst-jpg_s60x60_tt6&_nc_cat=102&ccb=1-7&_nc_sid=c53f8f&_nc_ohc=NQafDbSqmsUQ7kNvwEKRPZ0&_nc_oc=Adk0gkg2shrhpNxsm8lIM3ToSKkhp7-JKwaz02STQG0RtukgOG76YwIoT2wVcjpNBos&_nc_zt=14&_nc_ht=scontent.fjrs4-1.fna&_nc_gid=2IDzNZYi72n0-Fuul_INbA&oh=00_Afuo7vY_3LrabwjK84M76CKJaMDzQcL6JYLQ4AfbDB3aTg&oe=69882AE1
1214788600582763,https://www.facebook.com/ads/library/?id=1214788600582763,"Dec 20, 2025",​,Platforms EU transparency Open Dropdown,https://scontent.fjrs4-1.fna.fbcdn.net/v/t39.35426-6/601381423_887544313956385_7304232216801699108_n.jpg?stp=dst-jpg_s60x60_tt6&_nc_cat=104&ccb=1-7&_nc_sid=c53f8f&_nc_ohc=KQ3L0BCBcsMQ7kNvwGHcuqg&_nc_oc=AdlRLvt9dhrhZNo5WR2S7c7lPmS0hTl6O9QJ0yB-GWWyq-pdGMD2IRbj8v6Gisq1GY4&_nc_zt=14&_nc_ht=scontent.fjrs4-1.fna&_nc_gid=2IDzNZYi72n0-Fuul_INbA&oh=00_AfumDfWv486vQ3-4qSQ3HCu05jAtkBX3yYLxCgV70bolrQ&oe=69885AD3
889968753994512,https://www.facebook.com/ads/library/?id=889968753994512,"Feb 1, 2026",​,Platforms Open Dropdown,https://scontent.fjrs4-1.fna.fbcdn.net/v/t39.35426-6/609183714_780922354381893_2375679421821508620_n.jpg?stp=dst-jpg_s60x60_tt6&_nc_cat=109&ccb=1-7&_nc_sid=c53f8f&_nc_ohc=hKFRPMShDvsQ7kNvwFPzKUm&_nc_oc=AdkDw0jwiPk0yO82QP6somdcSqkZELLCuZIu6RjFDOReinjUHkomHhp_aPSjTNenumk&_nc_zt=14&_nc_ht=scontent.fjrs4-1.fna&_nc_gid=2IDzNZYi72n0-Fuul_INbA&oh=00_AfvdGScNlUd_VVeTlEWjqw_vERMG4ebH-V-9z4Yj8V3WMg&oe=698825F4
1306439791498083,https://www.facebook.com/ads/library/?id=1306439791498083,"Dec 10, 2025",​,Platforms This ad has multiple versions EU transparency Open Dropdown,https://scontent.fjrs4-1.fna.fbcdn.net/v/t39.35426-6/598553458_1956314518560915_7887751557950615099_n.jpg?stp=dst-jpg_s60x60_tt6&_nc_cat=111&ccb=1-7&_nc_sid=c53f8f&_nc_ohc=oGL9Xl1OZKEQ7kNvwGxpBw9&_nc_oc=AdleqUPFEuEUpWmJfgdjbBGjBS-ZAPOY6sYCk8xKwyD9cZEQPdb3GAf3ClVMbzL7ucs&_nc_zt=14&_nc_ht=scontent.fjrs4-1.fna&_nc_gid=2IDzNZYi72n0-Fuul_INbA&oh=00_AfvYQeaGjEwdT3iK14g69b0mkkA9NZZRRiZyuLJpaJbk3w&oe=698843D7
1416655743350216,https://www.facebook.com/ads/library/?id=1416655743350216,"Jan 12, 2026",​,Platforms Open Dropdown,https://scontent.fjrs4-1.fna.fbcdn.net/v/t39.35426-6/606839050_1888604151743944_7864724266376638878_n.jpg?stp=dst-jpg_s60x60_tt6&_nc_cat=100&ccb=1-7&_nc_sid=c53f8f&_nc_ohc=fR6Y0etM2uQQ7kNvwHc6R6Z&_nc_oc=Admz6QKf67cXwpYmYBGnVZwgsiqxa_7kKkkkJXiru-4gU0HmMvB75-HS0z4XQCacmQY&_nc_zt=14&_nc_ht=scontent.fjrs4-1.fna&_nc_gid=2IDzNZYi72n0-Fuul_INbA&oh=00_Afu9UrfWEHEY9eyifE9Ma0ZVmwG_hN6UxDeotQJ0QiG3nw&oe=69883906
1478625877249866,https://www.facebook.com/ads/library/?id=1478625877249866,"Feb 3, 2026 · Total active time 13 hrs",​,Platforms Open Dropdown,https://scontent.fjrs4-1.fna.fbcdn.net/v/t39.35426-6/627374566_3250162235192226_723974944478264251_n.jpg?stp=dst-jpg_s60x60_tt6&_nc_cat=111&ccb=1-7&_nc_sid=c53f8f&_nc_ohc=hSeoOarMte4Q7kNvwECKd8J&_nc_oc=AdlXbiZvSkuIFq_MLapCRWAnO_mrhOL4KbVCDaWeVBphFlQKkVAFD5D84qaXH3mKpJI&_nc_zt=14&_nc_ht=scontent.fjrs4-1.fna&_nc_gid=2IDzNZYi72n0-Fuul_INbA&oh=00_AfsZQsq0sbyquv5gqwz0SuTVUcHB4zNszQF_fNkFIsEEFw&oe=69883B7F
1511626099907001,https://www.facebook.com/ads/library/?id=1511626099907001,"Jan 12, 2026",​,Platforms Open Dropdown,https://scontent.fjrs4-1.fna.fbcdn.net/v/t39.35426-6/615979798_867235606021665_4240949597335587735_n.jpg?stp=dst-jpg_s60x60_tt6&_nc_cat=110&ccb=1-7&_nc_sid=c53f8f&_nc_ohc=kn6zlDkZPwkQ7kNvwEbXJAb&_nc_oc=AdmRJA3CCuQamF3QEuhLfh5DxeE8v4I75Igv2EyoqEVFL55bm9IPdWBHXE_P2XnpbYo&_nc_zt=14&_nc_ht=scontent.fjrs4-1.fna&_nc_gid=2IDzNZYi72n0-Fuul_INbA&oh=00_AfuyUGhOMAzYyuiHlt7XXPDuWUr4DMMp9JPe7NbuFz-VeQ&oe=69882F3D
1253689489998772,https://www.facebook.com/ads/library/?id=1253689489998772,"Jan 5, 2026",​,Platforms Open Dropdown,https://scontent.fjrs4-1.fna.fbcdn.net/v/t39.35426-6/610826647_886138900555362_6977455416629262908_n.jpg?stp=dst-jpg_s60x60_tt6&_nc_cat=101&ccb=1-7&_nc_sid=c53f8f&_nc_ohc=9O7sN-vGsKgQ7kNvwF5SOfz&_nc_oc=Adm0DDTUxcHt36Z7uvb5KqLQ5Se8yA0yXDj_kzTupkAt4WJ647t4Jk9B-b404KlN3OM&_nc_zt=14&_nc_ht=scontent.fjrs4-1.fna&_nc_gid=2IDzNZYi72n0-Fuul_INbA&oh=00_AfsWN7SWHVwt9NaAZOzb5MbytcsPGFt2UlElAcCnDBTMag&oe=698850D0
871775618916526,https://www.facebook.com/ads/library/?id=871775618916526,"Jan 13, 2026",​,Platforms Open Dropdown,https://scontent.fjrs4-1.fna.fbcdn.net/v/t39.35426-6/615537632_1612731669719284_2824141262602754989_n.jpg?stp=dst-jpg_s60x60_tt6&_nc_cat=108&ccb=1-7&_nc_sid=c53f8f&_nc_ohc=pVUKg4AdXs4Q7kNvwF-xJLO&_nc_oc=Adne1Syvp7fz_McpzsmKGArPKXbtl0dpCOMZIv6AsfbYVEdm_ONbccDeOVJuyW-NYl0&_nc_zt=14&_nc_ht=scontent.fjrs4-1.fna&_nc_gid=2IDzNZYi72n0-Fuul_INbA&oh=00_AftUJE_EvfjXNQegxOKlYAf1Un1-KfP1nt3aQ2dci7nuXg&oe=6988525D
751827157513188,https://www.facebook.com/ads/library/?id=751827157513188,"Jan 20, 2026",​,Platforms Open Dropdown,https://scontent.fjrs4-1.fna.fbcdn.net/v/t39.35426-6/618217490_879262161128962_1896464058234121345_n.jpg?stp=dst-jpg_s60x60_tt6&_nc_cat=109&ccb=1-7&_nc_sid=c53f8f&_nc_ohc=BEj7dKKvwDIQ7kNvwGRQNWt&_nc_oc=Adl5fh0Rb1fgQtCIqXAinbBsZUofva6ZjxVYPEdkPBnH9mjDVrC-a8N3VAYt68iQkpI&_nc_zt=14&_nc_ht=scontent.fjrs4-1.fna&_nc_gid=2IDzNZYi72n0-Fuul_INbA&oh=00_AfvH049rsPr7sjrujcBUhWMMyeVPcXMX-P9Ec7iRdRwzqQ&oe=69882B49
1984028992453964,https://www.facebook.com/ads/library/?id=1984028992453964,"Nov 11, 2025",​,Platforms Open Dropdown,https://scontent.fjrs4-1.fna.fbcdn.net/v/t39.35426-6/581924660_1153546886403342_4937099513602300554_n.jpg?stp=dst-jpg_s60x60_tt6&_nc_cat=110&ccb=1-7&_nc_sid=c53f8f&_nc_ohc=63RfIfsAN9sQ7kNvwGYZFc4&_nc_oc=Adk0We9JRV7OIXvR052reyF39hVoBa7_g5Yzi2hnE7LL14tY0ppn91CFhf0UDpNv7cY&_nc_zt=14&_nc_ht=scontent.fjrs4-1.fna&_nc_gid=-dZIwfCX9sMc1KjX621kew&oh=00_AfvKBOFZl5AJQzZBUlJGCLVAfqXcZkd589Tx9JcygqRWtg&oe=69885197
1681120962857857,https://www.facebook.com/ads/library/?id=1681120962857857,"Jan 19, 2026",​,Platforms Open Dropdown,https://scontent.fjrs4-1.fna.fbcdn.net/v/t39.35426-6/616358484_896845976076389_4853317714189570203_n.jpg?stp=dst-jpg_s60x60_tt6&_nc_cat=103&ccb=1-7&_nc_sid=c53f8f&_nc_ohc=7hpU4oXOescQ7kNvwHJoyI_&_nc_oc=Adk0G7BGc-O6VUXdic32BE1AKECjwkd_2205sKjwqCf6F7r5S9HPLgUgiBr--N-1RUY&_nc_zt=14&_nc_ht=scontent.fjrs4-1.fna&_nc_gid=-dZIwfCX9sMc1KjX621kew&oh=00_AfuMM7Gl5P23693jD01gM0Pab5gE8aUpinVbns_L_0BAfg&oe=69883BF0
33543203365324942,https://www.facebook.com/ads/library/?id=33543203365324942,"Jan 13, 2026",​,Platforms Open Dropdown,https://scontent.fjrs4-1.fna.fbcdn.net/v/t39.35426-6/614289753_869687899295619_1740450275054620380_n.jpg?stp=dst-jpg_s60x60_tt6&_nc_cat=104&ccb=1-7&_nc_sid=c53f8f&_nc_ohc=1_Knn8beCwkQ7kNvwGekQTL&_nc_oc=AdnuFJG6YDR77E20TRp1ImgGdKnX516T_D6UkbLBhLLqtC20S6WUD7RzoDPmqk1Q_3U&_nc_zt=14&_nc_ht=scontent.fjrs4-1.fna&_nc_gid=-dZIwfCX9sMc1KjX621kew&oh=00_AftdNO_jAHOTBSjDWALQ7mA1nSpvGIakZBtjBVpU0MmlIg&oe=6988243B
1205241781674469,https://www.facebook.com/ads/library/?id=1205241781674469,"Jan 19, 2026",​,Platforms Open Dropdown,https://scontent.fjrs4-1.fna.fbcdn.net/v/t39.35426-6/617109312_1454521366243475_407358745213476941_n.jpg?stp=dst-jpg_s60x60_tt6&_nc_cat=109&ccb=1-7&_nc_sid=c53f8f&_nc_ohc=p2eeAv2i_ZQQ7kNvwE9CSbH&_nc_oc=AdkDRjP4zpyMIJUB1P3s--VwoZBiD8bJQnLEMNJ4QDHImyrWH2edH0LwSsnif4eyBA0&_nc_zt=14&_nc_ht=scontent.fjrs4-1.fna&_nc_gid=-dZIwfCX9sMc1KjX621kew&oh=00_AfvC8WdZLLuS27rpCjhBADs1_KVcFew-uJ1Su4ej-5VReg&oe=69884211
1373993570547369,https://www.facebook.com/ads/library/?id=1373993570547369,"Jan 20, 2026",​,Platforms Open Dropdown,https://scontent.fjrs4-1.fna.fbcdn.net/v/t39.35426-6/615973849_1149114677108922_1669528224520442637_n.jpg?stp=dst-jpg_s60x60_tt6&_nc_cat=106&ccb=1-7&_nc_sid=c53f8f&_nc_ohc=I8ocmTggAX8Q7kNvwGsABxl&_nc_oc=AdlXQQLzkc92qyAarEO0yw1W1yhYPqIevYdUNtnCfnK8PwLTvSvOcGK17CJIvlvsnaM&_nc_zt=14&_nc_ht=scontent.fjrs4-1.fna&_nc_gid=-dZIwfCX9sMc1KjX621kew&oh=00_Aft2NvAxzsrZKhtnwwqchRXOaxrDg6Z_5iSZ4_VZSXrMVw&oe=698829CC
1221645506557913,https://www.facebook.com/ads/library/?id=1221645506557913,"Jan 6, 2026",​,Platforms Open Dropdown,https://scontent.fjrs4-1.fna.fbcdn.net/v/t39.35426-6/612503920_25842681818683190_4175010270596296712_n.jpg?stp=dst-jpg_s60x60_tt6&_nc_cat=101&ccb=1-7&_nc_sid=c53f8f&_nc_ohc=DRJ9TIHh3vUQ7kNvwHodZis&_nc_oc=AdlAEwU73DtpzyzVI2b598Of2oF05QbWgWO3oyj1QbsOAvj5QfvDxnLWHf5DmSIguFQ&_nc_zt=14&_nc_ht=scontent.fjrs4-1.fna&_nc_gid=-dZIwfCX9sMc1KjX621kew&oh=00_Afs4h6h-1aoUWkn6lxYDnhQLHsTDHOGeJohkEeRfg73nJA&oe=698830EB
951855304680993,https://www.facebook.com/ads/library/?id=951855304680993,"Jan 12, 2026",​,Platforms Open Dropdown,https://scontent.fjrs4-1.fna.fbcdn.net/v/t39.35426-6/614894603_1578535553174140_655343069862123843_n.jpg?stp=dst-jpg_s60x60_tt6&_nc_cat=104&ccb=1-7&_nc_sid=c53f8f&_nc_ohc=bxxniJl1DdUQ7kNvwEqwNzM&_nc_oc=AdmljaBBoDknmG5ygO5KiR-ZHT98WL51sKYGlJjqZth_Py7ASZmtsBmMZUmQD65y3WA&_nc_zt=14&_nc_ht=scontent.fjrs4-1.fna&_nc_gid=XH69N0NlDJnhgWnpsUXV4Q&oh=00_AftynnCHK_bYLUOhC1xIYiFLjExS-fj8WAAwVO2x5z8b6g&oe=6988483A
2338746603281746,https://www.facebook.com/ads/library/?id=2338746603281746,"Jan 13, 2026",​,Platforms Open Dropdown,https://scontent.fjrs4-1.fna.fbcdn.net/v/t39.35426-6/615434766_1359315655521864_439268152409837391_n.jpg?stp=dst-jpg_s60x60_tt6&_nc_cat=101&ccb=1-7&_nc_sid=c53f8f&_nc_ohc=uDQzA_lHRSUQ7kNvwGw_Igu&_nc_oc=AdnuWojmz1jFEpLbOSLhvs_LAS31wwrCDOcdBMcVpP1UeAQbtGQtdjqtIGiqGIwZt1E&_nc_zt=14&_nc_ht=scontent.fjrs4-1.fna&_nc_gid=XH69N0NlDJnhgWnpsUXV4Q&oh=00_Afv0BOasoBE-du-E2F7TI7y2K76oOnm8VMUOg5gxY5rGYA&oe=69882E40
1546628933232365,https://www.facebook.com/ads/library/?id=1546628933232365,"Jan 14, 2026",​,Platforms Open Dropdown,https://scontent.fjrs4-1.fna.fbcdn.net/v/t39.35426-6/617513549_1609261800224408_2152386935282336369_n.jpg?stp=dst-jpg_s60x60_tt6&_nc_cat=103&ccb=1-7&_nc_sid=c53f8f&_nc_ohc=wA0ey8WrpqYQ7kNvwFLKRcc&_nc_oc=AdmxS8ZNI5N6W3J5A5f1gSMTQrqw71Su-vo7l0xVyYSv6ESk8c7bgtxlPkkbR_hOyd4&_nc_zt=14&_nc_ht=scontent.fjrs4-1.fna&_nc_gid=XH69N0NlDJnhgWnpsUXV4Q&oh=00_AfuhF86Jk0T3do8MtU_eZADrLVGUpGVM97CpzfI_pXqVng&oe=69884042
814782201603961,https://www.facebook.com/ads/library/?id=814782201603961,"Jan 21, 2026",​,Platforms Open Dropdown,https://scontent.fjrs4-1.fna.fbcdn.net/v/t39.35426-6/619800332_1781069985909562_2730492770001831659_n.jpg?stp=dst-jpg_s60x60_tt6&_nc_cat=100&ccb=1-7&_nc_sid=c53f8f&_nc_ohc=H1Pj2pYgB5EQ7kNvwERM2Tv&_nc_oc=AdlOY7Q2jymdJohpOWa-C5ylUVst1ETku79UkvtV_-ncvKTFfAJZJu3FIlGEFH5Iufk&_nc_zt=14&_nc_ht=scontent.fjrs4-1.fna&_nc_gid=XH69N0NlDJnhgWnpsUXV4Q&oh=00_Afvwi3qO4_dJk3DP7rUFyvMyB8hi0gAlFgYiKkcfu5hQfA&oe=6988512F
855042474180192,https://www.facebook.com/ads/library/?id=855042474180192,"Jan 6, 2026",​,Platforms Open Dropdown,https://scontent.fjrs4-1.fna.fbcdn.net/v/t39.35426-6/612102532_1041882544790152_2344146091287766679_n.jpg?stp=dst-jpg_s60x60_tt6&_nc_cat=101&ccb=1-7&_nc_sid=c53f8f&_nc_ohc=rwqOYYzQKYIQ7kNvwEjD6F7&_nc_oc=Adlo4xF69_UrHIHxkuUa523UB8GJ6NnkmkEQLozuFvJ4fAe___jaPDSYXMWaq6BO6Nk&_nc_zt=14&_nc_ht=scontent.fjrs4-1.fna&_nc_gid=XH69N0NlDJnhgWnpsUXV4Q&oh=00_AfvIw_2drl4dM6Yxcwkrwrj1gSKlkozyRqEmyk0m6qB48A&oe=69882468
1457822962403035,https://www.facebook.com/ads/library/?id=1457822962403035,"Feb 2, 2026 · Total active time 15 hrs",​,Platforms Open Dropdown,https://scontent.fjrs4-1.fna.fbcdn.net/v/t39.35426-6/626575540_1535851237477247_6591240821724633556_n.jpg?stp=dst-jpg_s60x60_tt6&_nc_cat=103&ccb=1-7&_nc_sid=c53f8f&_nc_ohc=P-a7ZFjWZ14Q7kNvwGoMYTa&_nc_oc=Adlog9i82wOqvAMZO9sJfl0ZVAsI0O5iZil14yDsJfRvpsbffe3lZWfm4xJ6cgkit6k&_nc_zt=14&_nc_ht=scontent.fjrs4-1.fna&_nc_gid=XH69N0NlDJnhgWnpsUXV4Q&oh=00_Afsw8inNieyFGWkrwHdJOPB5FAngbB5iQjhAe0pyuhmCbg&oe=698844D9
1394639855403264,https://www.facebook.com/ads/library/?id=1394639855403264,"Jan 20, 2026",​,Platforms Open Dropdown,https://scontent.fjrs4-1.fna.fbcdn.net/v/t39.35426-6/618958977_902901108857424_6610398858673900140_n.jpg?stp=dst-jpg_s60x60_tt6&_nc_cat=105&ccb=1-7&_nc_sid=c53f8f&_nc_ohc=QXfNxFL1s5YQ7kNvwFBaeqQ&_nc_oc=Adk5ehHgBjiLQgzM_pbS2vXui5kVssp8L7zE1t9iStCBasiV47lwzFUN0K_FSVHH6b4&_nc_zt=14&_nc_ht=scontent.fjrs4-1.fna&_nc_gid=P12tx3ayvzYi0sIILw2rCw&oh=00_Afu1wrXdTjYmAUnmO2m3S4RG8PGHgej5CBaA-LB2RD0EFw&oe=69884D2F
800710725839425,https://www.facebook.com/ads/library/?id=800710725839425,"Sep 9, 2025",​,Platforms EU transparency Open Dropdown,https://scontent.fjrs4-1.fna.fbcdn.net/v/t39.35426-6/544876408_806975201998150_2670801380370738022_n.jpg?stp=dst-jpg_s60x60_tt6&_nc_cat=102&ccb=1-7&_nc_sid=c53f8f&_nc_ohc=pdFHyb6wviAQ7kNvwEoNRYa&_nc_oc=Adn6aEljt7dpxy_ntbVwwul87rYkgoTKDZ-Ew-1zUymHsYONEJjlDSDsAo_8Ls92PNA&_nc_zt=14&_nc_ht=scontent.fjrs4-1.fna&_nc_gid=P12tx3ayvzYi0sIILw2rCw&oh=00_AfvDPj8CC2pRSKriXZlBH0BOSatcKuIdq8wANvhc3LfP3w&oe=69883A5A
1401527647436026,https://www.facebook.com/ads/library/?id=1401527647436026,"May 5, 2025",​,Platforms Open Dropdown,https://scontent.fjrs4-1.fna.fbcdn.net/v/t39.35426-6/495181511_700555632485507_4223345738874713395_n.jpg?stp=dst-jpg_s60x60_tt6&_nc_cat=111&ccb=1-7&_nc_sid=c53f8f&_nc_ohc=EUcWB1bDKbkQ7kNvwE8GgoN&_nc_oc=Adm-RvhD0OsQ6wndF1-OxEUNIJHBBo6kntcYOqGFtrRAy5V5oTjTdXN1DqtJTxNppaE&_nc_zt=14&_nc_ht=scontent.fjrs4-1.fna&_nc_gid=P12tx3ayvzYi0sIILw2rCw&oh=00_AfuSN9iMs6M34Rl3uHR2OM-UAZePQAw5xeEDAspZ8-VUlQ&oe=698854B9
1251238323707535,https://www.facebook.com/ads/library/?id=1251238323707535,"Nov 19, 2025",​,Platforms Open Dropdown,https://scontent.fjrs4-1.fna.fbcdn.net/v/t39.35426-6/584546544_1608574000518542_1815609421737087245_n.jpg?stp=dst-jpg_s60x60_tt6&_nc_cat=111&ccb=1-7&_nc_sid=c53f8f&_nc_ohc=cBK8dijjOmMQ7kNvwGhpfRi&_nc_oc=AdmFf7Ff3OZtmNb52lwYCdKh7pft8stWxak9ANIO2-TP7RmtzqpaNt6t386Rx3MAaps&_nc_zt=14&_nc_ht=scontent.fjrs4-1.fna&_nc_gid=P12tx3ayvzYi0sIILw2rCw&oh=00_Aft7HBEjnDJQZYMUHOD5DKERBFRbz_R1hN8pl0dmo2X8nw&oe=69883C36
1297722305705741,https://www.facebook.com/ads/library/?id=1297722305705741,"Jan 6, 2026",​,Platforms Open Dropdown,https://scontent.fjrs4-1.fna.fbcdn.net/v/t39.35426-6/608881795_902255388992128_2622699882899286577_n.jpg?stp=dst-jpg_s60x60_tt6&_nc_cat=102&ccb=1-7&_nc_sid=c53f8f&_nc_ohc=zKY4lz8aFOkQ7kNvwGvmEVN&_nc_oc=AdnD0AJx2oWqGsHli8cx1N_Frk6aqSdcaYhgFPArhV5eeMQ76xeCYYDMRDVi0o8GdYM&_nc_zt=14&_nc_ht=scontent.fjrs4-1.fna&_nc_gid=P12tx3ayvzYi0sIILw2rCw&oh=00_AfsbSpNDuY2nwEf4nx8z8RkMowZNu92g3cB3cr6kZ_bFog&oe=69882CE0
718965177708094,https://www.facebook.com/ads/library/?id=718965177708094,"Jan 13, 2026",​,Platforms This ad has multiple versions Open Dropdown,https://scontent.fjrs4-1.fna.fbcdn.net/v/t39.35426-6/615483601_1664580521200105_2767304602232487610_n.jpg?stp=dst-jpg_s60x60_tt6&_nc_cat=100&ccb=1-7&_nc_sid=c53f8f&_nc_ohc=M7Z1Bn0L6P4Q7kNvwFriSU6&_nc_oc=Adny8gOKsB7eKoYbqgva2gOIc_6sI2hPeh30o4I-ulkmHecvClcd7hthbNwvkOu9SXE&_nc_zt=14&_nc_ht=scontent.fjrs4-1.fna&_nc_gid=9c602oj-js-GUgtQV9WSXg&oh=00_AftFo2elyoCFwphNUqJR0BaJt6g5cY1UBvK-FqZnfCU_3w&oe=698832E9
25450929271197690,https://www.facebook.com/ads/library/?id=25450929271197690,"Nov 28, 2025",​,Platforms Open Dropdown,https://scontent.fjrs4-1.fna.fbcdn.net/v/t39.35426-6/588318914_3784598348510331_1836863294606184054_n.jpg?stp=dst-jpg_s60x60_tt6&_nc_cat=104&ccb=1-7&_nc_sid=c53f8f&_nc_ohc=uo-tkqd2bWQQ7kNvwEUgH5P&_nc_oc=AdkH0UHJLgTdFrQtGTXGCz_ZDz3zzOsrRhCAI_qlcP0TmDT9fOgXVQYDJq5zx6Yk1Os&_nc_zt=14&_nc_ht=scontent.fjrs4-1.fna&_nc_gid=9c602oj-js-GUgtQV9WSXg&oh=00_AfswYfEteWQZ9CFBXTbjOHP2hxBTgy2j60Rw2D0rMCCr8A&oe=69883899
1220462983379287,https://www.facebook.com/ads/library/?id=1220462983379287,"Jan 14, 2026",​,Platforms Open Dropdown,https://scontent.fjrs4-1.fna.fbcdn.net/v/t39.35426-6/615431457_1561744108277209_5080890759660757924_n.jpg?stp=dst-jpg_s60x60_tt6&_nc_cat=105&ccb=1-7&_nc_sid=c53f8f&_nc_ohc=MPYLtDUAHuIQ7kNvwGn_C4r&_nc_oc=Adnp37naXv0XLdw2dic2Je0Fu8McfWzS6DGkkL1VHhh2pkSdxP95yuAAO-d9hOo76Eo&_nc_zt=14&_nc_ht=scontent.fjrs4-1.fna&_nc_gid=9c602oj-js-GUgtQV9WSXg&oh=00_AfstXPQqPWHTRbw4LpfAUGm0ii0jw-LKbTOWLRvpm69_Yg&oe=69883AC5
1589564141986577,https://www.facebook.com/ads/library/?id=1589564141986577,"Nov 1, 2024",​,Platforms Open Dropdown,https://scontent.fjrs4-1.fna.fbcdn.net/v/t39.35426-6/337850381_226165573278487_4040205378800621977_n.jpg?stp=dst-jpg_s60x60_tt6&_nc_cat=102&ccb=1-7&_nc_sid=c53f8f&_nc_ohc=aZFIZDt4-8oQ7kNvwFQVcJT&_nc_oc=AdnC1ys7WqraS6TH-QzQIansI4rUeiHXcg9W8iqqlbhQkfxRbdh2x8OL9sRPGZyAfYM&_nc_zt=14&_nc_ht=scontent.fjrs4-1.fna&_nc_gid=9c602oj-js-GUgtQV9WSXg&oh=00_AfuBgvhMHxVO1y4X0db2Cac5vIRY00EhCdMePF_pizwpAQ&oe=69885AFE
1608715916832206,https://www.facebook.com/ads/library/?id=1608715916832206,"Jan 13, 2026",​,Platforms Open Dropdown,https://scontent.fjrs4-1.fna.fbcdn.net/v/t39.35426-6/615183450_847688751591489_2087316702579376622_n.jpg?stp=dst-jpg_s60x60_tt6&_nc_cat=104&ccb=1-7&_nc_sid=c53f8f&_nc_ohc=T2bKq6DWqEEQ7kNvwFzRNMd&_nc_oc=AdneZ20kv8pQmXAiEWi2suugCKNMktA1pFfkbj5cw3EQmnfKfFESGiAanbbDAtmJnSI&_nc_zt=14&_nc_ht=scontent.fjrs4-1.fna&_nc_gid=9c602oj-js-GUgtQV9WSXg&oh=00_AfvgNqaf7scrKALxbCPg4yu3fbQ_SWLkgc-pjqQZEm-Dtw&oe=698829E3
920044877137533,https://www.facebook.com/ads/library/?id=920044877137533,"Jan 23, 2026",​,Platforms Open Dropdown,https://scontent.fjrs4-1.fna.fbcdn.net/v/t39.35426-6/621803745_1624530688997289_3440708589734432928_n.jpg?stp=dst-jpg_s60x60_tt6&_nc_cat=105&ccb=1-7&_nc_sid=c53f8f&_nc_ohc=VoRe0ycqVCIQ7kNvwGvBvla&_nc_oc=AdkqPHWThXwUqfN7ONNyp5Z-zo4BGb1S_QKIvqicPIs6HldCmmvprz3LE4Aa8dblPgk&_nc_zt=14&_nc_ht=scontent.fjrs4-1.fna&_nc_gid=9c602oj-js-GUgtQV9WSXg&oh=00_AftKswHO6iyV6vMJWRayeBptWkhpdB1VxQZN4oNup6zX-Q&oe=6988577D
1189288499995582,https://www.facebook.com/ads/library/?id=1189288499995582,"Jan 14, 2026",​,Platforms Open Dropdown,https://scontent.fjrs4-1.fna.fbcdn.net/v/t39.35426-6/614361699_1951554852456474_1063011005014975227_n.jpg?stp=dst-jpg_s60x60_tt6&_nc_cat=106&ccb=1-7&_nc_sid=c53f8f&_nc_ohc=RTalROScjK4Q7kNvwEfWJLd&_nc_oc=Adl6vGlgA0rrYDET2a1Ir_bXzbHYOf65Pcg_1dgy-VGlbTH44g2Pf4vsk9a8-YkoXvg&_nc_zt=14&_nc_ht=scontent.fjrs4-1.fna&_nc_gid=9c602oj-js-GUgtQV9WSXg&oh=00_AfsWrDltnLnqKNIpFJs5ue_1fsKETchI7Hh1tyzWlpXr-w&oe=69884C86
4261971767395037,https://www.facebook.com/ads/library/?id=4261971767395037,"Oct 19, 2025",​,Platforms This ad has multiple versions Open Dropdown,https://scontent.fjrs4-1.fna.fbcdn.net/v/t39.35426-6/565932226_2291006124753723_8731377703901783123_n.jpg?stp=dst-jpg_s60x60_tt6&_nc_cat=105&ccb=1-7&_nc_sid=c53f8f&_nc_ohc=lMm-zls8AfkQ7kNvwE5F79C&_nc_oc=AdmFOROFCBWHFNj6fXxry-zAPJylbVWg7ckpDsYEITQrlQEG-Wkp7fDYmElB1vxXrPY&_nc_zt=14&_nc_ht=scontent.fjrs4-1.fna&_nc_gid=FMqLLHosOthTbzxMK4aFBw&oh=00_AftfVUsiuKOzawurGxTTTc-YOFvW7njNuHDdEb9LGx-HbQ&oe=69882363
860277783294848,https://www.facebook.com/ads/library/?id=860277783294848,"Jan 12, 2026",​,Platforms Open Dropdown,https://scontent.fjrs4-1.fna.fbcdn.net/v/t39.35426-6/615583476_856709904023684_5265624369187485167_n.jpg?stp=dst-jpg_s60x60_tt6&_nc_cat=107&ccb=1-7&_nc_sid=c53f8f&_nc_ohc=b8kA3q1MiIIQ7kNvwG9fZ9P&_nc_oc=Adm1RHfsFg_9Z2pMHIWvo6Bd0EHKOWvAq0yksVsq1aoa6PAHCayAFMtQdnkTiIdCTh4&_nc_zt=14&_nc_ht=scontent.fjrs4-1.fna&_nc_gid=FMqLLHosOthTbzxMK4aFBw&oh=00_AfvN5lzSaqY413Ev4J1aJtgPe2ThFeBfx0onk4gOUeLYIQ&oe=69884A4E
1181870240729217,https://www.facebook.com/ads/library/?id=1181870240729217,"Jan 12, 2026",​,Platforms Open Dropdown,https://scontent.fjrs4-1.fna.fbcdn.net/v/t39.35426-6/615056771_1206005534992346_2806280521368379843_n.jpg?stp=dst-jpg_s60x60_tt6&_nc_cat=109&ccb=1-7&_nc_sid=c53f8f&_nc_ohc=-an1aWevqLoQ7kNvwF9jusc&_nc_oc=Adn7aCPmg67e-9gtmF4p06d84O5-hJ9nhYWuV2tZz_yFwykotldcYOIa0LdwPG9GYiU&_nc_zt=14&_nc_ht=scontent.fjrs4-1.fna&_nc_gid=FMqLLHosOthTbzxMK4aFBw&oh=00_AftzjHwZlA34bCHECdWmxo-_FP6Y_ibCJRUPJINvO67-0g&oe=69885033
1893655211231424,https://www.facebook.com/ads/library/?id=1893655211231424,"Dec 22, 2025",​,Platforms Open Dropdown,https://scontent.fjrs4-1.fna.fbcdn.net/v/t39.35426-6/598859969_1226329256041607_6503154653556691986_n.jpg?stp=dst-jpg_s60x60_tt6&_nc_cat=100&ccb=1-7&_nc_sid=c53f8f&_nc_ohc=i7Qi-v0gMUkQ7kNvwGNJIB5&_nc_oc=Adk2Jm5VvMnODsFjHyIdmkRJ6Sx7-NZxF42UJ9sSNFAHlM7oRdYfDdw_ie8hZamwNJ0&_nc_zt=14&_nc_ht=scontent.fjrs4-1.fna&_nc_gid=FMqLLHosOthTbzxMK4aFBw&oh=00_AfvlNI7BAlyN6wFyIO83cVPrFBbVKMclFaZqwQkxXhh7HA&oe=69884416
1299763928242737,https://www.facebook.com/ads/library/?id=1299763928242737,,​,"Inactive Jul 29, 2025 - Aug 19, 2025 Platforms EU transparency Open Dropdown",https://scontent.fjrs4-1.fna.fbcdn.net/v/t39.35426-6/525142269_1173279908171072_3294752727005007891_n.jpg?stp=dst-jpg_s60x60_tt6&_nc_cat=102&ccb=1-7&_nc_sid=c53f8f&_nc_ohc=dxDyHC66YjgQ7kNvwE7NG4o&_nc_oc=Adl4ouOMyXCBmVXMtdfamU5XktYq6wEqYVFU4yJmBHjJpVxhUlQhQbmPed8_X_i1Km8&_nc_zt=14&_nc_ht=scontent.fjrs4-1.fna&_nc_gid=FMqLLHosOthTbzxMK4aFBw&oh=00_Afs7_S3uWHO0bMNuJL-pCrg7G-EECuPRACTmzOa0uZjh1w&oe=6988444D
1523584342081202,https://www.facebook.com/ads/library/?id=1523584342081202,"Jan 31, 2026",​,Platforms Open Dropdown,https://scontent.fjrs4-1.fna.fbcdn.net/v/t39.35426-6/625009825_780705721723890_3361295952324299265_n.jpg?stp=dst-jpg_s60x60_tt6&_nc_cat=111&ccb=1-7&_nc_sid=c53f8f&_nc_ohc=PuJUfT0Q6woQ7kNvwGJrQWO&_nc_oc=AdmxW4cUPBxUfAEzXaBNG2J39V65PaT-NSdb_KkaffopkOOEgxVE4JDOnejIwTeuqc0&_nc_zt=14&_nc_ht=scontent.fjrs4-1.fna&_nc_gid=FMqLLHosOthTbzxMK4aFBw&oh=00_Afv9TFKQFZp1IX9SsaaQtfgbzTLVgQa7DJ15pDO3iYACcQ&oe=6988496F
855864440628461,https://www.facebook.com/ads/library/?id=855864440628461,"Dec 22, 2025",​,Platforms This ad has multiple versions Open Dropdown,https://scontent.fjrs4-1.fna.fbcdn.net/v/t39.35426-6/600899794_1545219676800211_8191236109255485743_n.jpg?stp=dst-jpg_s60x60_tt6&_nc_cat=101&ccb=1-7&_nc_sid=c53f8f&_nc_ohc=1WGW663Y-H4Q7kNvwHvT4YO&_nc_oc=AdmTIfQO8Gpr0A8aWjCBp3JBkW__2jApux-3AD6zy2avnIUeGnX2DMQiG2H_NTelQKk&_nc_zt=14&_nc_ht=scontent.fjrs4-1.fna&_nc_gid=FMqLLHosOthTbzxMK4aFBw&oh=00_AfuZFPTbBMG2Aha89CS7I4VBsx-Md7T_Fq4flpTBU1jE5A&oe=69882BBD
1599756178107355,https://www.facebook.com/ads/library/?id=1599756178107355,"Feb 3, 2026 · Total active time 12 hrs",​,Platforms This ad has multiple versions Open Dropdown,https://scontent.fjrs4-1.fna.fbcdn.net/v/t39.35426-6/625342282_1661788788591390_243302701931625895_n.jpg?stp=dst-jpg_s60x60_tt6&_nc_cat=103&ccb=1-7&_nc_sid=c53f8f&_nc_ohc=-8aSPJXTyDcQ7kNvwGNKCsk&_nc_oc=AdkNOTStu2uueeVWG-DQvRU8RuWObOruBeWcHeDJL2mHc0x4sTeT5Use2-1jXsYWSHA&_nc_zt=14&_nc_ht=scontent.fjrs4-1.fna&_nc_gid=FMqLLHosOthTbzxMK4aFBw&oh=00_AfuJ54eo4i67keaa5aoqgdceIwnrXF7SZsqyjyf5jz6P3A&oe=698858D5
1816181825751838,https://www.facebook.com/ads/library/?id=1816181825751838,"Jan 20, 2026",​,Platforms Open Dropdown,https://scontent.fjrs4-1.fna.fbcdn.net/v/t39.35426-6/616831332_1173655374850895_3367125784644194872_n.jpg?stp=dst-jpg_s60x60_tt6&_nc_cat=109&ccb=1-7&_nc_sid=c53f8f&_nc_ohc=xU4obscWeGQQ7kNvwFZ5Hzw&_nc_oc=AdlNdxCBEzjcwC9BMNifA9BuH4TYA9zbHGtr5oeM3MXugvy23Ddw48S_aKHPfkwxiFI&_nc_zt=14&_nc_ht=scontent.fjrs4-1.fna&_nc_gid=MFypFS8Zm3IaTzSW06Vk5g&oh=00_AftK_N43PCORHKXrWQJ-R77vYJaMTxUy_sA-ODvok8PwbA&oe=69885979
4051440568480129,https://www.facebook.com/ads/library/?id=4051440568480129,"Jan 31, 2026",​,Platforms Open Dropdown,https://scontent.fjrs4-1.fna.fbcdn.net/v/t39.35426-6/624671485_1570575664146085_5424327905313583590_n.jpg?stp=dst-jpg_s60x60_tt6&_nc_cat=102&ccb=1-7&_nc_sid=c53f8f&_nc_ohc=Z7P_9tOqqMMQ7kNvwEcRIA3&_nc_oc=AdkmpbwgMAP6hpXxCRB4p5v8sw17xvu9z1sIvjadohthHid1YP7r2wPNkXYpit3wl2I&_nc_zt=14&_nc_ht=scontent.fjrs4-1.fna&_nc_gid=MFypFS8Zm3IaTzSW06Vk5g&oh=00_AfugnlRmz_Uexx03IcnFkr28QorwmyuWulYwHC9jGK49BA&oe=69883069
1427514432065221,https://www.facebook.com/ads/library/?id=1427514432065221,"Jan 14, 2026",​,Platforms Open Dropdown,https://scontent.fjrs4-1.fna.fbcdn.net/v/t39.35426-6/614787237_904518082561795_6211957781370013681_n.jpg?stp=dst-jpg_s60x60_tt6&_nc_cat=102&ccb=1-7&_nc_sid=c53f8f&_nc_ohc=UYmfVP6JVG0Q7kNvwEwlTl6&_nc_oc=Adlm6bpWwKEvY5IVEx4nf1rQL2iQPhl4s36boMmVOyiR4XrAtdzm3YmrieKKGvDAGJQ&_nc_zt=14&_nc_ht=scontent.fjrs4-1.fna&_nc_gid=MFypFS8Zm3IaTzSW06Vk5g&oh=00_AfsnbMjYgQb5qVg5Ed6Kc-aUYd28cK1EIwR0E9Sd0yWkrA&oe=6988545A
1210930900999888,https://www.facebook.com/ads/library/?id=1210930900999888,"Jan 16, 2026",​,Platforms Open Dropdown,https://scontent.fjrs4-1.fna.fbcdn.net/v/t39.35426-6/615437215_1379461063927407_7079400742327297395_n.jpg?stp=dst-jpg_s60x60_tt6&_nc_cat=103&ccb=1-7&_nc_sid=c53f8f&_nc_ohc=qOYwNsuwrRgQ7kNvwGsNOyz&_nc_oc=Adnhvi_hnqvaVrwJdbJQKJBUWibpH__9lnMg9je410bLuSB4L2WdAnTPbOnajmbPK-w&_nc_zt=14&_nc_ht=scontent.fjrs4-1.fna&_nc_gid=MFypFS8Zm3IaTzSW06Vk5g&oh=00_Afv0kIL7YbVvqqVXCjufhuidN59TX7TiUUzQfHqwC-ZXYg&oe=69884F40
25867914019528348,https://www.facebook.com/ads/library/?id=25867914019528348,"Jan 14, 2026",​,Platforms Open Dropdown,https://scontent.fjrs4-1.fna.fbcdn.net/v/t39.35426-6/615814753_2443689039397755_8167004003032158193_n.jpg?stp=dst-jpg_s60x60_tt6&_nc_cat=103&ccb=1-7&_nc_sid=c53f8f&_nc_ohc=1RpDF6qaYGwQ7kNvwFCHB9T&_nc_oc=AdkzWfuFzbJVrfU5g9fVptQhNYvdcZWVaP7kDC0LSZzHPw-mv9lvleKhQkxuOwB3i7I&_nc_zt=14&_nc_ht=scontent.fjrs4-1.fna&_nc_gid=WR804Gu-3Sw5wL74HLbeTw&oh=00_AfvbD5JPFha8QbU2_1D3fklTFA-3axpYsyl18XI3ln_Xmg&oe=698849B3
1367101297999452,https://www.facebook.com/ads/library/?id=1367101297999452,"Jan 14, 2026",​,Platforms This ad has multiple versions Open Dropdown,https://scontent.fjrs4-1.fna.fbcdn.net/v/t39.35426-6/615817260_935201248854384_6065134760499704243_n.jpg?stp=dst-jpg_s60x60_tt6&_nc_cat=109&ccb=1-7&_nc_sid=c53f8f&_nc_ohc=EBPpi8xxFm8Q7kNvwEh-olN&_nc_oc=Adk55Bn5J9k6BSouFj18WFJ9bmK9T_oI7UmC88xukIdrc_bO_SKJOwZXdLUMX0bsNVk&_nc_zt=14&_nc_ht=scontent.fjrs4-1.fna&_nc_gid=WR804Gu-3Sw5wL74HLbeTw&oh=00_AfuAICQijKmn-zZ83yOVysPZ4LIdPg2z9a0QH7tOEErE2Q&oe=69885955
1415597633626873,https://www.facebook.com/ads/library/?id=1415597633626873,"Jan 6, 2026",​,Platforms Open Dropdown,https://scontent.fjrs4-1.fna.fbcdn.net/v/t39.35426-6/611744139_874140965345785_7912674980372314010_n.jpg?stp=dst-jpg_s60x60_tt6&_nc_cat=105&ccb=1-7&_nc_sid=c53f8f&_nc_ohc=b8lJkR6z2DkQ7kNvwHBTse2&_nc_oc=AdkS2fW5KoBh4L2_xDjQMs8zPRSHWTz75KKuYrC_Sk3HTY4d90QF9KwNPWtsFpq__wM&_nc_zt=14&_nc_ht=scontent.fjrs4-1.fna&_nc_gid=WR804Gu-3Sw5wL74HLbeTw&oh=00_AfuaCQeemUpaDozBOdR7o-b_ReCZI-QH65OPv74B7fUiBw&oe=69884205
735798659337788,https://www.facebook.com/ads/library/?id=735798659337788,"Jan 31, 2026",​,Platforms Open Dropdown,https://scontent.fjrs4-1.fna.fbcdn.net/v/t39.35426-6/622703501_2052768945506543_4830027975933544006_n.jpg?stp=dst-jpg_s60x60_tt6&_nc_cat=106&ccb=1-7&_nc_sid=c53f8f&_nc_ohc=fJ2wM8xLX1sQ7kNvwGN4g1q&_nc_oc=AdlZ4EnC4AAdqxQnNxVYSVqInezM7-VB-pyNNK8_NXOLbLj5m86d_Cb_8ksn9jMMYhg&_nc_zt=14&_nc_ht=scontent.fjrs4-1.fna&_nc_gid=WR804Gu-3Sw5wL74HLbeTw&oh=00_AfvG5Hk0m2f-69SQxwKXz78ItQyPUpjpGMZo0T11wvH6xA&oe=69883D6C
1892935531585903,https://www.facebook.com/ads/library/?id=1892935531585903,"Jan 16, 2026",​,Platforms This ad has multiple versions Open Dropdown,https://scontent.fjrs4-1.fna.fbcdn.net/v/t39.35426-6/615720996_3473568862796670_875304215572331987_n.jpg?stp=dst-jpg_s60x60_tt6&_nc_cat=111&ccb=1-7&_nc_sid=c53f8f&_nc_ohc=1Yew3hu-q2cQ7kNvwHWpiQb&_nc_oc=Adnak8SiOPZnJ-xQatVepm-XQFkDI5128ZvrsRrKqdYwisgceSGhmuy1NqyF3bsK-kA&_nc_zt=14&_nc_ht=scontent.fjrs4-1.fna&_nc_gid=WR804Gu-3Sw5wL74HLbeTw&oh=00_AfsBKam68G5dJC2cjAMhN0vNMaVyz8MI6_hO66BA64t0IQ&oe=69883AD7
2088724778614159,https://www.facebook.com/ads/library/?id=2088724778614159,"Jan 31, 2026",​,Platforms Open Dropdown,https://scontent.fjrs4-1.fna.fbcdn.net/v/t39.35426-6/624827044_1442276580614827_9153861970046647321_n.jpg?stp=dst-jpg_s60x60_tt6&_nc_cat=107&ccb=1-7&_nc_sid=c53f8f&_nc_ohc=Df23c9Yq6ZIQ7kNvwFnWz74&_nc_oc=Adm-DOOsjqHoSUHUNiq40BtfXa-Sa_b1QsNdfrsfNcIyqiIRRUlEhsHPPEWwyNR_PgI&_nc_zt=14&_nc_ht=scontent.fjrs4-1.fna&_nc_gid=fGZjZRGg7roQBXJYMxz8HA&oh=00_AfvNyZmvkI03keGG6SxYgV_A9xwbCvejb2o1WSHvAP5lOw&oe=698835F8
1169539071625822,https://www.facebook.com/ads/library/?id=1169539071625822,"Jan 13, 2026",​,Platforms This ad has multiple versions Open Dropdown,https://scontent.fjrs4-1.fna.fbcdn.net/v/t39.35426-6/615388020_918308190770916_3702874315274274016_n.jpg?stp=dst-jpg_s60x60_tt6&_nc_cat=108&ccb=1-7&_nc_sid=c53f8f&_nc_ohc=gashmMwKWRgQ7kNvwGn0oIE&_nc_oc=AdkwbvqhirMdTGc0lC19hG0IPDOMR351iX_z0OjZ9N8M5udLxJr8YEydu4tS49lp-bg&_nc_zt=14&_nc_ht=scontent.fjrs4-1.fna&_nc_gid=fGZjZRGg7roQBXJYMxz8HA&oh=00_Afu7c9h-Qg9x6sBOrit1iq02V4TJVeQyk8xsi2AyIgNFuw&oe=69882836
1552824712644727,https://www.facebook.com/ads/library/?id=1552824712644727,"Jan 31, 2026",​,Platforms Open Dropdown,https://scontent.fjrs4-1.fna.fbcdn.net/v/t39.35426-6/623431244_901713248972057_6811414903947039005_n.jpg?stp=dst-jpg_s60x60_tt6&_nc_cat=106&ccb=1-7&_nc_sid=c53f8f&_nc_ohc=DiEbEgyTFzUQ7kNvwEkf2Sp&_nc_oc=Adl8F9oqQR14mLAE-jezvwDsOFjl42-oWeOPIms-iIx_5ejDlC3x30gitrFFlhjNvXA&_nc_zt=14&_nc_ht=scontent.fjrs4-1.fna&_nc_gid=fGZjZRGg7roQBXJYMxz8HA&oh=00_AfsCyKjdzEtORARrv--DwxYiz4ARgj9xCgC65BQ8P5VPvA&oe=69884585
883439010970860,https://www.facebook.com/ads/library/?id=883439010970860,"Jan 30, 2026",​,Platforms Open Dropdown,https://scontent.fjrs4-1.fna.fbcdn.net/v/t39.35426-6/624321864_1641381036852069_543857600016236107_n.jpg?stp=dst-jpg_s60x60_tt6&_nc_cat=101&ccb=1-7&_nc_sid=c53f8f&_nc_ohc=XK8dEdY_wQ0Q7kNvwEZD4Tk&_nc_oc=Adl0VXaWWv9U6X2ZEo0bIoelf0Mmn7SwCuYR_Hf2p4X9vj7LXHeG-7eovgi5HJNgFlA&_nc_zt=14&_nc_ht=scontent.fjrs4-1.fna&_nc_gid=fGZjZRGg7roQBXJYMxz8HA&oh=00_AfsQLOY9WdKHYDvnTBjxSYA86NZyJJJA_mwjIU_1X_1HSQ&oe=69885649
1307942137760189,https://www.facebook.com/ads/library/?id=1307942137760189,"Jan 18, 2026",​,Platforms Open Dropdown,https://scontent.fjrs4-1.fna.fbcdn.net/v/t39.35426-6/615820975_886256130483564_1226595116109597057_n.jpg?stp=dst-jpg_s60x60_tt6&_nc_cat=110&ccb=1-7&_nc_sid=c53f8f&_nc_ohc=bzDH0p3zvEAQ7kNvwGhuvDc&_nc_oc=AdlVcgU7wnpwq98syHqG8fptV4lDU-g9kgrQmsdRs7r5kwlabPWdlU4NE6hMKWu292s&_nc_zt=14&_nc_ht=scontent.fjrs4-1.fna&_nc_gid=fGZjZRGg7roQBXJYMxz8HA&oh=00_Afu6Uv0BhW43c260TxkqXzpfixMHGitlAj1N1gN3JgzRYw&oe=6988541E
2704480223243706,https://www.facebook.com/ads/library/?id=2704480223243706,"Dec 6, 2025",​,Platforms Open Dropdown,https://scontent.fjrs4-1.fna.fbcdn.net/v/t39.35426-6/596599204_854415276989760_2433810654013364953_n.jpg?stp=dst-jpg_s60x60_tt6&_nc_cat=109&ccb=1-7&_nc_sid=c53f8f&_nc_ohc=6tXXyY8XMKsQ7kNvwEpM4Yz&_nc_oc=AdmfBQBjaEGW1UCUx-mue5hY8vw2sFjnHRA2IFG5ew5XnFe2hQiG3YAPjZT3CEiOReM&_nc_zt=14&_nc_ht=scontent.fjrs4-1.fna&_nc_gid=nwUA-Nl7RrrMcqGifv1PDw&oh=00_AfvjfGPfJpmo8G63P1Jjwf1xxgciezkd50ATNJYNOcsGYg&oe=69883F3E
2225979017926998,https://www.facebook.com/ads/library/?id=2225979017926998,"Jan 29, 2026",​,Platforms Open Dropdown,https://scontent.fjrs4-1.fna.fbcdn.net/v/t39.35426-6/623864023_1848937389158154_5261485918386786590_n.jpg?stp=dst-jpg_s60x60_tt6&_nc_cat=109&ccb=1-7&_nc_sid=c53f8f&_nc_ohc=x-i1t67u33AQ7kNvwHV_k59&_nc_oc=AdkT-rT9yMYniwI-wG_XQmIxylyRQhe4LGGJkUdti64keG3VnKZRyvUTlb2IZeIq2hg&_nc_zt=14&_nc_ht=scontent.fjrs4-1.fna&_nc_gid=nwUA-Nl7RrrMcqGifv1PDw&oh=00_AfuZEXs4SL-n-ZEfST6NS7d7-yTrIksgv0D_jMj0XLH8zA&oe=69884573
803156286117593,https://www.facebook.com/ads/library/?id=803156286117593,"Jan 9, 2026",​,Platforms Open Dropdown,https://scontent.fjrs4-1.fna.fbcdn.net/v/t39.35426-6/611663515_919808870605738_749334897906885530_n.jpg?stp=dst-jpg_s60x60_tt6&_nc_cat=102&ccb=1-7&_nc_sid=c53f8f&_nc_ohc=1sGqaZryhu4Q7kNvwEb12GE&_nc_oc=AdmRaPNNFuVEzIoJyGNVw42KhP-pe7QVSH-HExa5-fFO39x5adP1P9bcfwtyQjvwaYk&_nc_zt=14&_nc_ht=scontent.fjrs4-1.fna&_nc_gid=nwUA-Nl7RrrMcqGifv1PDw&oh=00_Afv7q237_eqeEqEVUktbhqRkAG_fyOvONZM_HFCjze8Dmg&oe=69883B76
2877208362476027,https://www.facebook.com/ads/library/?id=2877208362476027,"Jan 6, 2026",​,Platforms Open Dropdown,https://scontent.fjrs4-1.fna.fbcdn.net/v/t39.35426-6/610616280_1871243540148940_8553238638645256736_n.jpg?stp=dst-jpg_s60x60_tt6&_nc_cat=103&ccb=1-7&_nc_sid=c53f8f&_nc_ohc=tom_HuvUfmQQ7kNvwHofsCw&_nc_oc=AdkeIXnPNxvJk5Et3B23r2wJ_ps_ngBCfQEXv5B_qxBjOnN0je7yzBqV0W0sBIoFQEk&_nc_zt=14&_nc_ht=scontent.fjrs4-1.fna&_nc_gid=nwUA-Nl7RrrMcqGifv1PDw&oh=00_AfvGSJWBkg978ntl5dDwbISUYtAi5fEMFguPAGQuZuCxhA&oe=69882FA8
1675118723455315,https://www.facebook.com/ads/library/?id=1675118723455315,"Jan 31, 2026",​,Platforms Open Dropdown,https://scontent.fjrs4-1.fna.fbcdn.net/v/t39.35426-6/625153525_1987647308452052_8196593106416471674_n.jpg?stp=dst-jpg_s60x60_tt6&_nc_cat=100&ccb=1-7&_nc_sid=c53f8f&_nc_ohc=piH0eqRlD7EQ7kNvwFsrNui&_nc_oc=Adm9KQ0qExzzSOtFxqybysMS1PhakuOS6eq2u4WB3lE-SMXdfF2ShJNgwgDpO2ryblI&_nc_zt=14&_nc_ht=scontent.fjrs4-1.fna&_nc_gid=ZbQXLBj61gpuHcbNSjpEiA&oh=00_AftMlYTjh7y5ThA4Otiv1DIAtRMFs9dKT6DWoQ5heEeipQ&oe=69882CAB
1982761532583026,https://www.facebook.com/ads/library/?id=1982761532583026,"Dec 29, 2025",​,Platforms Open Dropdown,https://scontent.fjrs4-1.fna.fbcdn.net/v/t39.35426-6/577524137_4475344596027290_4835379297467698774_n.jpg?stp=dst-jpg_s60x60_tt6&_nc_cat=101&ccb=1-7&_nc_sid=c53f8f&_nc_ohc=Pkw5aZeCgHkQ7kNvwFrK_tn&_nc_oc=Admbizz_TKXLKSpkBWj7vyQlTsFTRtNVRZ4psgNvGyZrmeGFSDePfc6t6izkV6iFWaA&_nc_zt=14&_nc_ht=scontent.fjrs4-1.fna&_nc_gid=ZbQXLBj61gpuHcbNSjpEiA&oh=00_AftpGt49oV5WNuLLPKvCIN0zvCzkY2unDX_PefLKO3K7JA&oe=69884A25
1596191674885349,https://www.facebook.com/ads/library/?id=1596191674885349,"Jan 6, 2026",​,Platforms Open Dropdown,https://scontent.fjrs4-1.fna.fbcdn.net/v/t39.35426-6/611630317_1930711551660132_5696803237747884613_n.jpg?stp=dst-jpg_s60x60_tt6&_nc_cat=109&ccb=1-7&_nc_sid=c53f8f&_nc_ohc=wDUEmADJUIQQ7kNvwHGJBJd&_nc_oc=AdlJeA7UZRsEk46s3PuMcZ64bdTxOQOsAvx-Skh1INqnS6Ix6v9hk3_h-8Wu-K_whZ4&_nc_zt=14&_nc_ht=scontent.fjrs4-1.fna&_nc_gid=ZbQXLBj61gpuHcbNSjpEiA&oh=00_AfuSAn9_kZVSKk4bypgkfZsV8_4n6-PYQJzmeGqMB4EtDQ&oe=69882D7E
680095985071134,https://www.facebook.com/ads/library/?id=680095985071134,"Jan 6, 2026",​,Platforms Open Dropdown,https://scontent.fjrs4-1.fna.fbcdn.net/v/t39.35426-6/608615440_1370055697651329_6420428529481229244_n.jpg?stp=dst-jpg_s60x60_tt6&_nc_cat=107&ccb=1-7&_nc_sid=c53f8f&_nc_ohc=MaGpTffB3agQ7kNvwGeIpOd&_nc_oc=AdksYq74nXJ24NulKCjUxhtMZ9QXewrHuU3-M_I2t_oXCZExsQ9JspWd8EU9YK7cIc4&_nc_zt=14&_nc_ht=scontent.fjrs4-1.fna&_nc_gid=ZbQXLBj61gpuHcbNSjpEiA&oh=00_AfudnjUfpgPxAHY-7wQz1TflRhzDpoDw1P9GsYU4BmJIRg&oe=69884846
880211844757708,https://www.facebook.com/ads/library/?id=880211844757708,"Jan 14, 2026",​,Platforms Open Dropdown,https://scontent.fjrs4-1.fna.fbcdn.net/v/t39.35426-6/616009835_2405685989865801_1710957325288336378_n.jpg?stp=dst-jpg_s60x60_tt6&_nc_cat=105&ccb=1-7&_nc_sid=c53f8f&_nc_ohc=s9P6G_B-pRcQ7kNvwE5uvXj&_nc_oc=AdmhYS5uBcD7sfsS7V3A2JTWlL-Tk_WX_MbF1HM6VCsxRVKdMhy6Xh-5mEmpMwW2Zb8&_nc_zt=14&_nc_ht=scontent.fjrs4-1.fna&_nc_gid=ZbQXLBj61gpuHcbNSjpEiA&oh=00_AfsSb_f5c1_52BIUgNKLgcvueH-BukmxYPQFcQDqcStdpQ&oe=69883620
1709294270453950,https://www.facebook.com/ads/library/?id=1709294270453950,"Jan 28, 2026",​,Platforms Open Dropdown,https://scontent.fjrs4-1.fna.fbcdn.net/v/t39.35426-6/619307996_1289759936290405_3329595824433872517_n.jpg?stp=dst-jpg_s60x60_tt6&_nc_cat=106&ccb=1-7&_nc_sid=c53f8f&_nc_ohc=Z_U0BYSTc1AQ7kNvwHp4uf9&_nc_oc=Adl4eA3yRKHgUxeSfm9C1cmAhdN8zRkoND_jifPvVO7OvPbkNqXlmdZH4KsJx4LWyMY&_nc_zt=14&_nc_ht=scontent.fjrs4-1.fna&_nc_gid=ZbQXLBj61gpuHcbNSjpEiA&oh=00_AfsnFjiuBYnzI6BBI26LO_Wnrk1Q_iwRnHaW-12puMQOAg&oe=6988261F
3466464820169830,https://www.facebook.com/ads/library/?id=3466464820169830,"Feb 3, 2026 · Total active time 11 hrs",​,Platforms Open Dropdown,https://scontent.fjrs4-1.fna.fbcdn.net/v/t39.35426-6/626059479_3602315969908271_8542380968472877199_n.jpg?stp=dst-jpg_s600x600_tt6&_nc_cat=107&ccb=1-7&_nc_sid=c53f8f&_nc_ohc=tnnlFtIdL6QQ7kNvwFcNkhl&_nc_oc=AdkgjCBj_DGf98tnNAwsd0BnD_nZHwA6y1PIlXPoU__zZJgT_oBHl-YVDpXzvBD71Po&_nc_zt=14&_nc_ht=scontent.fjrs4-1.fna&_nc_gid=1TRIQRmZZcT3FM80ld-yfw&oh=00_AftTc3X-LwNNPhfirMbjoEgNgfwP8bleLUr63cQPqS9-Mg&oe=6988268E
749368474876200,https://www.facebook.com/ads/library/?id=749368474876200,"Jan 2, 2026",​,Platforms Open Dropdown,https://scontent.fjrs4-1.fna.fbcdn.net/v/t39.35426-6/611297367_1178106734472060_8723515018237901923_n.jpg?stp=dst-jpg_s60x60_tt6&_nc_cat=103&ccb=1-7&_nc_sid=c53f8f&_nc_ohc=NNXsF3euhdMQ7kNvwFVTNbU&_nc_oc=Adn9b52AgwpMcTtJw8XP4rV10-u7wmU8LTtg0lTRJs-gmcFS_qwEjMLFPVl_KnrYn9s&_nc_zt=14&_nc_ht=scontent.fjrs4-1.fna&_nc_gid=1TRIQRmZZcT3FM80ld-yfw&oh=00_Afsup4cMmE0eARuOlmOMj3b8PPjxgATn4NRziQTOstRGaw&oe=69885988
34211416328456652,https://www.facebook.com/ads/library/?id=34211416328456652,"Feb 3, 2026 · Total active time 9 hrs",​,Platforms Open Dropdown,https://scontent.fjrs4-1.fna.fbcdn.net/v/t39.35426-6/625311888_795615676887939_7962903044216910965_n.jpg?stp=dst-jpg_s60x60_tt6&_nc_cat=111&ccb=1-7&_nc_sid=c53f8f&_nc_ohc=v8cp9kyob_YQ7kNvwFDDFyN&_nc_oc=AdkqqWS4rOe50h2aPGaKe96IgNfi5CAmW3Svu2xujBbIlPfLBgiFGDoo-o9sjJ41YQM&_nc_zt=14&_nc_ht=scontent.fjrs4-1.fna&_nc_gid=1TRIQRmZZcT3FM80ld-yfw&oh=00_AfuU9TughCs93f7mZSoJ69qyvYjIyzrbJrjToiHLUVKtZw&oe=69883045
2051698282271953,https://www.facebook.com/ads/library/?id=2051698282271953,"Dec 27, 2025",​,Platforms Open Dropdown,https://scontent.fjrs4-1.fna.fbcdn.net/v/t39.35426-6/591347788_892682979757285_8215161602138156590_n.jpg?stp=dst-jpg_s60x60_tt6&_nc_cat=110&ccb=1-7&_nc_sid=c53f8f&_nc_ohc=laPDORlqX9cQ7kNvwEdyZv7&_nc_oc=AdkuGBui-84Z1350Va0pmV5cXarU4PiILdBbCML4s2kkPbMpYgEh3KRXVo5cOu1c118&_nc_zt=14&_nc_ht=scontent.fjrs4-1.fna&_nc_gid=1TRIQRmZZcT3FM80ld-yfw&oh=00_AfszRDE47nlyWlyUBJDg_LyCOsIbsJm-Mo_l_7uMR-gKJQ&oe=69884BB1
913981227756991,https://www.facebook.com/ads/library/?id=913981227756991,"Feb 2, 2026",​,Platforms Open Dropdown,https://scontent.fjrs4-1.fna.fbcdn.net/v/t39.35426-6/625078841_1858899138077287_8896383411609758291_n.jpg?stp=dst-jpg_s60x60_tt6&_nc_cat=109&ccb=1-7&_nc_sid=c53f8f&_nc_ohc=sWUtuYTk5HoQ7kNvwEZeghC&_nc_oc=Adlw0QW9X_mmGEwohhhbuaXtzpakghPDldOHNfvDQACF4jJLD-SCXr5XW9T7gQy4erE&_nc_zt=14&_nc_ht=scontent.fjrs4-1.fna&_nc_gid=1TRIQRmZZcT3FM80ld-yfw&oh=00_Afu6lkWQIP4gKJdf6CcOBjrWJrYUQ-nju3V2k9GfulLd4Q&oe=69884D7C
877312848533643,https://www.facebook.com/ads/library/?id=877312848533643,"Feb 1, 2026",​,Platforms Open Dropdown,https://scontent.fjrs4-1.fna.fbcdn.net/v/t39.35426-6/626182746_1587132405854032_8909144968815523988_n.jpg?stp=dst-jpg_s60x60_tt6&_nc_cat=100&ccb=1-7&_nc_sid=c53f8f&_nc_ohc=pIbtkZkK0ogQ7kNvwEWZ85B&_nc_oc=Adn_0mFgn5P5w7HpSWTJmufdPtoCIy5jMlj7CZsaVLSmWbNMQgOymAsBpNgiOMjMGcc&_nc_zt=14&_nc_ht=scontent.fjrs4-1.fna&_nc_gid=1TRIQRmZZcT3FM80ld-yfw&oh=00_AfvhKTJPDv2C5k3UImC0QXGVnvHvGMo_L0uZXzY7P0DL8g&oe=69883F92
1371175491207611,https://www.facebook.com/ads/library/?id=1371175491207611,"Nov 11, 2025",​,Platforms Open Dropdown,https://scontent.fjrs4-1.fna.fbcdn.net/v/t39.35426-6/581045012_1748132525895568_3082215129740724737_n.jpg?stp=dst-jpg_s60x60_tt6&_nc_cat=100&ccb=1-7&_nc_sid=c53f8f&_nc_ohc=MUQ5V6TrRNsQ7kNvwH2EIZp&_nc_oc=Adkz8NUF2NbT6J93dS_-9ExuFJ-8moV2FJT3eSGluCTlZyAkrWoEC2JG32QAvzkCdtA&_nc_zt=14&_nc_ht=scontent.fjrs4-1.fna&_nc_gid=1TRIQRmZZcT3FM80ld-yfw&oh=00_AftvsbnJUs7Hh4-Zwc5xkRMi7EPzBMBiCAmDdrMRBLE9EQ&oe=69882F9A
1937762030199877,https://www.facebook.com/ads/library/?id=1937762030199877,"Dec 22, 2025",​,Platforms This ad has multiple versions Open Dropdown,https://scontent.fjrs4-1.fna.fbcdn.net/v/t39.35426-6/599511644_746755305139165_3657558246709392392_n.jpg?stp=dst-jpg_s60x60_tt6&_nc_cat=101&ccb=1-7&_nc_sid=c53f8f&_nc_ohc=yFcZyFe8qNMQ7kNvwEZuv_0&_nc_oc=AdkWB68ohiYTxKrsNfUGaKghGzoRMaNb7yspu37pkP09ABgWi3Af98fiwTnWbyzGQY4&_nc_zt=14&_nc_ht=scontent.fjrs4-1.fna&_nc_gid=1L5jkW7ynVMMVJ01XJCvpg&oh=00_Afsf-UIIykmHGnCQHjHvqkoIXeuJ4MLBm4PSXP6cm1ZNrA&oe=69882428
1778388726175586,https://www.facebook.com/ads/library/?id=1778388726175586,"Jan 20, 2026",​,Platforms Open Dropdown,https://scontent.fjrs4-1.fna.fbcdn.net/v/t39.35426-6/619343590_689234010824333_8316213684841239745_n.jpg?stp=dst-jpg_s60x60_tt6&_nc_cat=104&ccb=1-7&_nc_sid=c53f8f&_nc_ohc=4z7kQMyIUVYQ7kNvwHAT8jC&_nc_oc=AdmyLulE8oI7V-8k6bzVpeGdCEjbp4W85DqTJhc89TKJos_rX9r3hrRqoZ5ULKB8Kc0&_nc_zt=14&_nc_ht=scontent.fjrs4-1.fna&_nc_gid=1L5jkW7ynVMMVJ01XJCvpg&oh=00_AftsxqU4YeNjnsR2cO-1vla4ordinQZ0NKmkfvK_Euiatw&oe=6988266B
3840469356246478,https://www.facebook.com/ads/library/?id=3840469356246478,"Nov 29, 2025",​,Platforms EU transparency Open Dropdown,https://scontent.fjrs4-1.fna.fbcdn.net/v/t39.35426-6/590209440_3370602143088327_7748460605067194966_n.jpg?stp=dst-jpg_s60x60_tt6&_nc_cat=110&ccb=1-7&_nc_sid=c53f8f&_nc_ohc=KyX0kxaix3UQ7kNvwE1qTaW&_nc_oc=Adn07VVgY82xoE3JWXUGTGB3Ax3eegKhpd6DzYy-zePUCNfRpEGOyJO2zf6xwon4TfU&_nc_zt=14&_nc_ht=scontent.fjrs4-1.fna&_nc_gid=1L5jkW7ynVMMVJ01XJCvpg&oh=00_AfuoOaEaLnyeVjVH-jauD8itHUk0eIGn_IHVtTdTzH93yg&oe=69883BF5
2056354051894888,https://www.facebook.com/ads/library/?id=2056354051894888,"Jan 23, 2026",​,Platforms Open Dropdown,https://scontent.fjrs4-1.fna.fbcdn.net/v/t39.35426-6/616838365_2396551404116565_4382914103460554200_n.jpg?stp=dst-jpg_s60x60_tt6&_nc_cat=108&ccb=1-7&_nc_sid=c53f8f&_nc_ohc=qGEypGZciW4Q7kNvwETtgXx&_nc_oc=AdmNgcEOkH779R1O8PhGS4ozC40HvoVX-Ox-1aq7zgZVY-WlLvE4pQOKvWMHas8suqw&_nc_zt=14&_nc_ht=scontent.fjrs4-1.fna&_nc_gid=1L5jkW7ynVMMVJ01XJCvpg&oh=00_AftnIL5v2U1r119i7OVoNHxr3KyY1r06jLwFLSklSCCiXA&oe=69885759
1303984554872272,https://www.facebook.com/ads/library/?id=1303984554872272,"Feb 1, 2026",​,Platforms Open Dropdown,https://scontent.fjrs4-1.fna.fbcdn.net/v/t39.35426-6/625948534_1325590446001637_8722172738541592165_n.jpg?stp=dst-jpg_s60x60_tt6&_nc_cat=102&ccb=1-7&_nc_sid=c53f8f&_nc_ohc=St5VvfRy8w4Q7kNvwFByKQR&_nc_oc=AdmW0bV-4QFhluNNpQTP8UyRebavc1dw-dizeQjVxru58JnfJDBuPXZVlOaUB83OGI8&_nc_zt=14&_nc_ht=scontent.fjrs4-1.fna&_nc_gid=1L5jkW7ynVMMVJ01XJCvpg&oh=00_AftglO3xf04_s8XLzTMGTd6vzv-_ad3uqw9PpAUqO_QTrg&oe=6988326C
1587443482279251,https://www.facebook.com/ads/library/?id=1587443482279251,"Dec 27, 2025",​,Platforms Open Dropdown,https://scontent.fjrs4-1.fna.fbcdn.net/v/t39.35426-6/589834136_1850378599202858_5213555259782292736_n.jpg?stp=dst-jpg_s60x60_tt6&_nc_cat=106&ccb=1-7&_nc_sid=c53f8f&_nc_ohc=0G6N1_0ijbsQ7kNvwGGvNcu&_nc_oc=AdlXomzk0tjk9Zaq_SgD35Y46nn3O8xwFEBdYik3qjtCxOGX31-upV6umwPHAVH45tA&_nc_zt=14&_nc_ht=scontent.fjrs4-1.fna&_nc_gid=1L5jkW7ynVMMVJ01XJCvpg&oh=00_AfvM-j19Xs-KoJ5V-qbGT0k_VhYYCvLELwEmFszO8Fh4FQ&oe=6988463E
4353673804865152,https://www.facebook.com/ads/library/?id=4353673804865152,"Feb 3, 2026 · Total active time 8 hrs",​,Platforms Open Dropdown,https://scontent.fjrs4-1.fna.fbcdn.net/v/t39.35426-6/624502587_1214675826928047_7476361632350467638_n.jpg?stp=dst-jpg_s60x60_tt6&_nc_cat=111&ccb=1-7&_nc_sid=c53f8f&_nc_ohc=xuSzJ5KIAOEQ7kNvwGY7E7H&_nc_oc=AdkmvKHxJ_oX_CQsk04uyXLIp_hERyayC_erXPWQM4u5jKNdyroHqRXP3C-DCORahYw&_nc_zt=14&_nc_ht=scontent.fjrs4-1.fna&_nc_gid=1L5jkW7ynVMMVJ01XJCvpg&oh=00_AfvyXKCwfb6kg2H9nEKPRNHX5DRLRE0GGTWG542U8R9g6Q&oe=69882DF7
1444575110617395,https://www.facebook.com/ads/library/?id=1444575110617395,"Jan 9, 2026",​,Platforms Open Dropdown,https://scontent.fjrs4-1.fna.fbcdn.net/v/t39.35426-6/613354518_1068582382063940_6868290017005782390_n.jpg?stp=dst-jpg_s60x60_tt6&_nc_cat=101&ccb=1-7&_nc_sid=c53f8f&_nc_ohc=Z2hJ6pTFZ0EQ7kNvwFw-X_x&_nc_oc=AdnofkP-VaFJuXt_ea1FPKxCEvj8254yXUE3QgwEo829opug92L9Bgxrd95i2z9A5Y4&_nc_zt=14&_nc_ht=scontent.fjrs4-1.fna&_nc_gid=6njIaD5x-tUJi1WzUyyXfA&oh=00_Afs-HBUklZp-rO0Zt7yW5rN_50gjWMTggj-t41wdHGXNsw&oe=698843BF
1586449619453278,https://www.facebook.com/ads/library/?id=1586449619453278,"Jan 29, 2026",​,Platforms Open Dropdown,https://scontent.fjrs4-1.fna.fbcdn.net/v/t39.35426-6/622797401_858028233894147_71705872227828544_n.jpg?stp=dst-jpg_s60x60_tt6&_nc_cat=101&ccb=1-7&_nc_sid=c53f8f&_nc_ohc=uvTETk8aNcQQ7kNvwGyZ7AV&_nc_oc=Adk50Muh2XxO4eFvMMTAflpgnFmdfzuA7MFcbvDkmYnWEhHgJAzg71cClZsmSVIzgXw&_nc_zt=14&_nc_ht=scontent.fjrs4-1.fna&_nc_gid=6njIaD5x-tUJi1WzUyyXfA&oh=00_Afsi4V0IuWKrBn2Ujw1kKkbHcf8Qt6ErgVZ-tKMP4wslpA&oe=6988267E
889954000434990,https://www.facebook.com/ads/library/?id=889954000434990,"Feb 3, 2026 · Total active time 5 hrs",​,Platforms Open Dropdown,https://scontent.fjrs4-1.fna.fbcdn.net/v/t39.35426-6/626815543_1443002247492483_5222033861441015461_n.jpg?stp=dst-jpg_s60x60_tt6&_nc_cat=110&ccb=1-7&_nc_sid=c53f8f&_nc_ohc=bp-djWtVhhgQ7kNvwEfyT6L&_nc_oc=AdleATW_2xzf7F56HqRrvIbzFD3DPxh-08WzspIO4lY6Yci9_8KlEfbXSc5ZG0hktpM&_nc_zt=14&_nc_ht=scontent.fjrs4-1.fna&_nc_gid=6njIaD5x-tUJi1WzUyyXfA&oh=00_AftjxSdOzjvgXMHrSglV2lrT_xTVJ9EDruvGKwhs-qu67w&oe=6988351B
2398116130616570,https://www.facebook.com/ads/library/?id=2398116130616570,"Jan 30, 2026",​,Platforms Open Dropdown,https://scontent.fjrs4-1.fna.fbcdn.net/v/t39.35426-6/624564188_2671557299865226_2981813767786424988_n.jpg?stp=dst-jpg_s60x60_tt6&_nc_cat=111&ccb=1-7&_nc_sid=c53f8f&_nc_ohc=RwDoJxXtMEQQ7kNvwGTF1ED&_nc_oc=AdnBfnIRXlULNuRHN0Bc0nwXB87MmrB8iWeDhKSlecmTlEN7cFIIQDl1mThDlR0BMxA&_nc_zt=14&_nc_ht=scontent.fjrs4-1.fna&_nc_gid=6njIaD5x-tUJi1WzUyyXfA&oh=00_AfuF-6XU_8TwviLRH-uUvNoyyP4cuxFi4slPwhxfFqX95A&oe=69884023
1411243357361785,https://www.facebook.com/ads/library/?id=1411243357361785,"Jan 30, 2026",​,Platforms Open Dropdown,https://scontent.fjrs4-1.fna.fbcdn.net/v/t39.35426-6/622381913_887545947597740_9202068721496508164_n.jpg?stp=dst-jpg_s60x60_tt6&_nc_cat=110&ccb=1-7&_nc_sid=c53f8f&_nc_ohc=hjeVieJ0JxwQ7kNvwEC8GbH&_nc_oc=AdlG7D6e1WwIBXU7mKymfRSd9IIdZxa4KhC-1BkLniBQaOwUzM1Zw-3NUSSvFb_PDhE&_nc_zt=14&_nc_ht=scontent.fjrs4-1.fna&_nc_gid=6njIaD5x-tUJi1WzUyyXfA&oh=00_AfuW2mEnFykbka-pTXYXkLjVBG2zXlzb6SQl3U-7h3AkqA&oe=69885ADA
1863043924597344,https://www.facebook.com/ads/library/?id=1863043924597344,"Nov 12, 2025",​,Platforms Categories Estimated audience size: 100 - 1K Amount spent (GBP): <£100 Impressions: 10K - 15K Open Dropdown,https://scontent.fjrs4-1.fna.fbcdn.net/v/t39.35426-6/582410529_1595602741755033_934969175657968080_n.jpg?stp=dst-jpg_s60x60_tt6&_nc_cat=108&ccb=1-7&_nc_sid=c53f8f&_nc_ohc=Sa6NVj8vYJMQ7kNvwHpKh42&_nc_oc=Adm5rO2l4_r0RMxs9KfPPPL35D4LrwXiC8m3HRZViSliDzMq9_mhQP34WiKKs-YXBlo&_nc_zt=14&_nc_ht=scontent.fjrs4-1.fna&_nc_gid=6njIaD5x-tUJi1WzUyyXfA&oh=00_AftiUAUMTwCZ5ymSISnXJ5oKl6vzcFPHmYXU_TzCrVoqYA&oe=69882A1C
909161701435615,https://www.facebook.com/ads/library/?id=909161701435615,"Dec 4, 2025",​,Platforms Open Dropdown,https://scontent.fjrs4-1.fna.fbcdn.net/v/t39.35426-6/594600875_1774949069707367_6043069116840717316_n.jpg?stp=dst-jpg_s60x60_tt6&_nc_cat=103&ccb=1-7&_nc_sid=c53f8f&_nc_ohc=oVkU_hZ11VUQ7kNvwF_BAGk&_nc_oc=AdmaLHqaK5PNL_D5mtN6kwB8PpcQ3TspYSLdH5q1KSMDIh0IIT1Urh3mXfDnJ4OdA-k&_nc_zt=14&_nc_ht=scontent.fjrs4-1.fna&_nc_gid=m9RdjDI4qkVXSpmT9jQz2g&oh=00_AfsFkzHawDEGKQbtVJSp-T1ws73Zp_d6Ouv5rABmIs2QCQ&oe=69883FA3
1851393942166376,https://www.facebook.com/ads/library/?id=1851393942166376,"Feb 3, 2026 · Total active time 8 hrs",​,Platforms Open Dropdown,https://scontent.fjrs4-1.fna.fbcdn.net/v/t39.35426-6/625947425_1624402172062814_2026557944679067181_n.jpg?stp=dst-jpg_s60x60_tt6&_nc_cat=108&ccb=1-7&_nc_sid=c53f8f&_nc_ohc=yaTITK2-5-0Q7kNvwEvXC06&_nc_oc=AdlMLtTbyfkr3sPN286-pWr4marp6RruSCkXllCNZkmry6XT-qSBC2zJ3NRDgD_MeV0&_nc_zt=14&_nc_ht=scontent.fjrs4-1.fna&_nc_gid=m9RdjDI4qkVXSpmT9jQz2g&oh=00_Aft9NOzF_7JASfQgBW8Tpn9ct7okjLdnnwqUS6Mga5DyFA&oe=69882D07
3165031820471241,https://www.facebook.com/ads/library/?id=3165031820471241,"Nov 1, 2025",​,Platforms Open Dropdown,https://scontent.fjrs4-1.fna.fbcdn.net/v/t39.35426-6/572787298_1397291372028181_5823719578104548651_n.jpg?stp=dst-jpg_s60x60_tt6&_nc_cat=105&ccb=1-7&_nc_sid=c53f8f&_nc_ohc=6tlE8G68o8kQ7kNvwEJmOKm&_nc_oc=AdkU5NBtiu6WBJ9rFDZMMMcNQAM9eF4uKnJhZ31Q9oEkBK_jCctmzOqS1Wbs9tzJB-Q&_nc_zt=14&_nc_ht=scontent.fjrs4-1.fna&_nc_gid=m9RdjDI4qkVXSpmT9jQz2g&oh=00_AfsBhDWjPCuUq1h8QYQMJE7HDvviMhOHWRuW0Rf7kEROrA&oe=69882698
3029372810783813,https://www.facebook.com/ads/library/?id=3029372810783813,"Jan 5, 2026",​,Platforms Open Dropdown,https://scontent.fjrs4-1.fna.fbcdn.net/v/t39.35426-6/611657383_1611832496675923_8909111814681594929_n.jpg?stp=dst-jpg_s60x60_tt6&_nc_cat=100&ccb=1-7&_nc_sid=c53f8f&_nc_ohc=pQWRsNFqnpwQ7kNvwFU8v-Z&_nc_oc=Adm8hMeq6uPb1rIpC9Kbn_h30WVXP4IgQiWbGx4o7-b8eBdWep5bDDIoPj5MUlJXaX0&_nc_zt=14&_nc_ht=scontent.fjrs4-1.fna&_nc_gid=m9RdjDI4qkVXSpmT9jQz2g&oh=00_AfufN5L5gsb8Dj0SfSZ-nMjTwlY3d4o79LETKJkw-EZ5jw&oe=69883931
1984693208808288,https://www.facebook.com/ads/library/?id=1984693208808288,"Jan 30, 2026",​,Platforms Open Dropdown,https://scontent.fjrs4-1.fna.fbcdn.net/v/t39.35426-6/624141704_1445759690290273_5620441096402516836_n.jpg?stp=dst-jpg_s60x60_tt6&_nc_cat=109&ccb=1-7&_nc_sid=c53f8f&_nc_ohc=EeyIqbwPEmwQ7kNvwHunZ4f&_nc_oc=Admxn6lOxOFBEwcjlLgH7-fcQb6MOZWIDTCUNw6uOVQLLYQtBfyk_XDBkD4fbeCoL4s&_nc_zt=14&_nc_ht=scontent.fjrs4-1.fna&_nc_gid=2JF8KfXpkiwgPMvIRBjkwg&oh=00_AftobRs98mgL17lVm8gddcSBr1nFQeCxPTSCBhuXDRNKWw&oe=69884C67
1761984104761516,https://www.facebook.com/ads/library/?id=1761984104761516,"Jan 26, 2026",​,Platforms Open Dropdown,https://scontent.fjrs4-1.fna.fbcdn.net/v/t39.35426-6/618357317_1816873165637885_7572507300889256924_n.jpg?stp=dst-jpg_s60x60_tt6&_nc_cat=100&ccb=1-7&_nc_sid=c53f8f&_nc_ohc=EzO8Drp5KbUQ7kNvwHH_SG0&_nc_oc=Adkf8_FiK1Lb1ZmT_GT4V6Agp0YCRW-kfhI1q9puJm_QmP69zoLTOZgfuWSD9h45Ct8&_nc_zt=14&_nc_ht=scontent.fjrs4-1.fna&_nc_gid=2JF8KfXpkiwgPMvIRBjkwg&oh=00_Aftt-m6S69e_u5EllzOU349lbje-CJqp2tvn0ewnkgvzrQ&oe=6988471E
2286020835238386,https://www.facebook.com/ads/library/?id=2286020835238386,"Jan 17, 2026",​,Platforms Open Dropdown,https://scontent.fjrs4-1.fna.fbcdn.net/v/t39.35426-6/616813005_2888332424707823_8108864756003365752_n.jpg?stp=dst-jpg_s60x60_tt6&_nc_cat=102&ccb=1-7&_nc_sid=c53f8f&_nc_ohc=SWB3Op1s87UQ7kNvwHqmJGI&_nc_oc=AdkwhbeLZTBJXwrN7GB-VCzrIIvxJqZHXuKsIqYijxIUJF3TGm_DiycTjm4jg2XJtvA&_nc_zt=14&_nc_ht=scontent.fjrs4-1.fna&_nc_gid=2JF8KfXpkiwgPMvIRBjkwg&oh=00_AfuseR8MCYppQ_lnKtgJ676RLckO-w1aAji3nOpRhR9HqA&oe=69882941
1368881451704980,https://www.facebook.com/ads/library/?id=1368881451704980,"Jan 14, 2026",​,Platforms Open Dropdown,https://scontent.fjrs4-1.fna.fbcdn.net/v/t39.35426-6/615290917_1152005300288651_5997641378437289456_n.jpg?stp=dst-jpg_s60x60_tt6&_nc_cat=103&ccb=1-7&_nc_sid=c53f8f&_nc_ohc=5JrldJUJaoEQ7kNvwHm1qgV&_nc_oc=AdlltDiywVgdEreJPz-RqWWSeGtw7EzskdLRrYdNIArqMCLmR4OOp8Q1ISoo_iwTSYU&_nc_zt=14&_nc_ht=scontent.fjrs4-1.fna&_nc_gid=2JF8KfXpkiwgPMvIRBjkwg&oh=00_AfvcZLHIa6iYHAInccKH_VIIBSb8WpK_4Y_8oHRC9ni1uA&oe=69882FD8
901453352447101,https://www.facebook.com/ads/library/?id=901453352447101,"Jan 2, 2026",​,Platforms Open Dropdown,https://scontent.fjrs4-1.fna.fbcdn.net/v/t39.35426-6/608487654_1211126204283917_3820148965593475501_n.jpg?stp=dst-jpg_s60x60_tt6&_nc_cat=103&ccb=1-7&_nc_sid=c53f8f&_nc_ohc=3E0ipYZ7iSUQ7kNvwHxVdFB&_nc_oc=AdmRBppYhvmPOB2JhR_4UJKXbNAu_VySFmJ_7wojGp_KpZO0L8_XmDhwqrB6Uw7daXk&_nc_zt=14&_nc_ht=scontent.fjrs4-1.fna&_nc_gid=2JF8KfXpkiwgPMvIRBjkwg&oh=00_AftA0ROD3YvcnihThi-Lo-4cEA77lyxbJXu0SPGy10RM5Q&oe=69882B40
1642973377085845,https://www.facebook.com/ads/library/?id=1642973377085845,"Dec 23, 2025",​,Platforms This ad has multiple versions Open Dropdown,https://scontent.fjrs4-1.fna.fbcdn.net/v/t39.35426-6/599932028_681795691535034_910502124182598062_n.jpg?stp=dst-jpg_s60x60_tt6&_nc_cat=111&ccb=1-7&_nc_sid=c53f8f&_nc_ohc=KK-pPVb6Y-MQ7kNvwFhahx4&_nc_oc=AdlM-eDhHRzZTOBbvjszPNDnWcCgCijCOsb-ip5MGFKvbNcXHDcG7xd1dCR3vfXxirQ&_nc_zt=14&_nc_ht=scontent.fjrs4-1.fna&_nc_gid=T43-pVOgXjXKW7PihybkiA&oh=00_Afs-wLXQDi-TCP_FOKbTKPKWESvysR7olSQfhEy7y-FpRg&oe=698837B9
1171162018169536,https://www.facebook.com/ads/library/?id=1171162018169536,"Feb 3, 2026 · Total active time 8 hrs",​,Platforms Open Dropdown,https://scontent.fjrs4-1.fna.fbcdn.net/v/t39.35426-6/627438830_1954062475525778_8122808165649859533_n.jpg?stp=dst-jpg_s60x60_tt6&_nc_cat=106&ccb=1-7&_nc_sid=c53f8f&_nc_ohc=RlhYRGmRAL4Q7kNvwHfnOCe&_nc_oc=Adn5PbXtW_EVBg7As_8VYtybL_PtLG3dUIwyfWNSnLe4TKrLikKcGGkNg4Y6xridk9E&_nc_zt=14&_nc_ht=scontent.fjrs4-1.fna&_nc_gid=T43-pVOgXjXKW7PihybkiA&oh=00_AfvLS2wLzfKPL8YiTZAhmipTmI6AaUU_iUhepod24om6OQ&oe=69884187
1372252171585047,https://www.facebook.com/ads/library/?id=1372252171585047,"Jan 13, 2026",​,Platforms Open Dropdown,https://scontent.fjrs4-1.fna.fbcdn.net/v/t39.35426-6/611653007_1470733067803750_1045785067627498408_n.jpg?stp=dst-jpg_s60x60_tt6&_nc_cat=110&ccb=1-7&_nc_sid=c53f8f&_nc_ohc=D1aXDLbLZjAQ7kNvwEdXik0&_nc_oc=AdkEeoFh8G1UXx5DigvhgaGdSsMYxCB9Z4euZwe8sFPV0V1RCDazb0FfQuayJbkH0gs&_nc_zt=14&_nc_ht=scontent.fjrs4-1.fna&_nc_gid=T43-pVOgXjXKW7PihybkiA&oh=00_Afsj-ZlW4gmxB5DQYZJFK_797dMP9YkT6snNafGKlkPv1A&oe=69884FE1
4290309904620816,https://www.facebook.com/ads/library/?id=4290309904620816,"Jan 14, 2026",​,Platforms Open Dropdown,https://scontent.fjrs4-1.fna.fbcdn.net/v/t39.35426-6/615403293_1909568176433669_9035432135136152869_n.jpg?stp=dst-jpg_s60x60_tt6&_nc_cat=103&ccb=1-7&_nc_sid=c53f8f&_nc_ohc=Zn4RNqpGKZwQ7kNvwFQi9kg&_nc_oc=AdmlejmsyGqpJog3oQMy70vZRTruJjcwAQ-EH7L-yQIimlasVz-SLT8-D7-CEdibjCM&_nc_zt=14&_nc_ht=scontent.fjrs4-1.fna&_nc_gid=T43-pVOgXjXKW7PihybkiA&oh=00_AfuD0Dic4V_BPjkAe1Ncm4tpXduoiouCVhgMtqEK39XF_Q&oe=69883EDE
942905728399954,https://www.facebook.com/ads/library/?id=942905728399954,"Jan 15, 2026",​,Platforms Open Dropdown,https://scontent.fjrs4-1.fna.fbcdn.net/v/t39.35426-6/616423212_1885958132294395_7062459012583059335_n.jpg?stp=dst-jpg_s60x60_tt6&_nc_cat=107&ccb=1-7&_nc_sid=c53f8f&_nc_ohc=LtnsduPJRnkQ7kNvwErHYFN&_nc_oc=Adm0zkvCl2R6me9jOV_Z26cbScI7xESckS158vYasqO5HsiSr-Hmdp6u0ovUeHnnKl8&_nc_zt=14&_nc_ht=scontent.fjrs4-1.fna&_nc_gid=T43-pVOgXjXKW7PihybkiA&oh=00_AfvQ8Ug8aRwrN-zdZP9T4SSMZTrS1YxKhFI_O9JvPZQrRQ&oe=69884D34
26776381588618762,https://www.facebook.com/ads/library/?id=26776381588618762,"Jan 29, 2026",​,Platforms Open Dropdown,https://scontent.fjrs4-1.fna.fbcdn.net/v/t39.35426-6/622792388_866491749565582_2399632494830277280_n.jpg?stp=dst-jpg_s60x60_tt6&_nc_cat=109&ccb=1-7&_nc_sid=c53f8f&_nc_ohc=jtCpeB6cW78Q7kNvwEODCDG&_nc_oc=Adnj-Y_GWVfNYzzCQWkcNkobWeazAKbGrl_mqt43fdsr6XJB8qW_4f-a6KkNejJUOlE&_nc_zt=14&_nc_ht=scontent.fjrs4-1.fna&_nc_gid=T43-pVOgXjXKW7PihybkiA&oh=00_AftjfP2aJHrhbEy3LvihLgybnd3TDT2akN6ht_JcghNXlw&oe=698841C7
3859271347707055,https://www.facebook.com/ads/library/?id=3859271347707055,"Jan 20, 2026",​,Platforms Open Dropdown,https://scontent.fjrs4-1.fna.fbcdn.net/v/t39.35426-6/615850964_1286467836667755_3780890845079692958_n.jpg?stp=dst-jpg_s60x60_tt6&_nc_cat=107&ccb=1-7&_nc_sid=c53f8f&_nc_ohc=1JUDQguw8MAQ7kNvwH1MIBl&_nc_oc=AdmogwCOH5vOeTtyrBnqtTtSWtUEpP6uEFbdd6hmn7jBn8i2o34kKG3-n3GbhmQCd-Q&_nc_zt=14&_nc_ht=scontent.fjrs4-1.fna&_nc_gid=T43-pVOgXjXKW7PihybkiA&oh=00_AfuwPwFU-F3_JDwX7Qqcv40lJAmePs7DEJFpoyDI8spJtw&oe=69885830
1973293559926843,https://www.facebook.com/ads/library/?id=1973293559926843,"Jan 29, 2026",​,Platforms Categories Estimated audience size: >1M Amount spent (USD): $300 - $399 Impressions: 5K - 6K Open Dropdown,https://scontent.fjrs4-1.fna.fbcdn.net/v/t39.35426-6/625012696_1602560724207819_1476662765446489605_n.jpg?stp=dst-jpg_s60x60_tt6&_nc_cat=104&ccb=1-7&_nc_sid=c53f8f&_nc_ohc=v3pbsr4gpsYQ7kNvwErXUkl&_nc_oc=AdnSBM0GDJrt7cRIztotenYoWpxiX43HdTlcy-7M3qP9K4FmzywRSQmkTYsR-GPH30o&_nc_zt=14&_nc_ht=scontent.fjrs4-1.fna&_nc_gid=N2T392DNB9-57iLwNswo2Q&oh=00_Afs5T52dl3YP2exXK3QA_gNm1FmLW3Bh3UACY43FLpRAFg&oe=698848AC
1388245019049791,https://www.facebook.com/ads/library/?id=1388245019049791,"Feb 3, 2026 · Total active time 7 hrs",​,Platforms Open Dropdown,https://scontent.fjrs4-1.fna.fbcdn.net/v/t39.35426-6/624610762_1546535076441388_5117309309482048602_n.jpg?stp=dst-jpg_s60x60_tt6&_nc_cat=111&ccb=1-7&_nc_sid=c53f8f&_nc_ohc=LiGcaUmI9KcQ7kNvwG9ljbB&_nc_oc=AdnJVunDXmDVAaZKYxqeQ9EGq6Q3w_4L8t3cbpaH9vZC0J5hslyb0hzRWqDx3-pAJAc&_nc_zt=14&_nc_ht=scontent.fjrs4-1.fna&_nc_gid=N2T392DNB9-57iLwNswo2Q&oh=00_AfuWNWDK_0AgOVfe61g1IX-nFfJvbCIbQaX0KywCdW-8lQ&oe=69883B4B
1901283693795475,https://www.facebook.com/ads/library/?id=1901283693795475,"Jan 12, 2026",​,Platforms Open Dropdown,https://scontent.fjrs4-1.fna.fbcdn.net/v/t39.35426-6/615448864_870332402450233_7568551950358529920_n.jpg?stp=dst-jpg_s60x60_tt6&_nc_cat=106&ccb=1-7&_nc_sid=c53f8f&_nc_ohc=rD3imaUS2xgQ7kNvwGcfFDo&_nc_oc=AdmNHE5P1X6B6xJ7lvkOiV-eQAZSwPmW5QYf2TgEopAtGuybQJodU1mrgutRENcJMLI&_nc_zt=14&_nc_ht=scontent.fjrs4-1.fna&_nc_gid=N2T392DNB9-57iLwNswo2Q&oh=00_Aft4ahzO3j0xD8Hmo2v4GEWn2UGezREyLE5jZ_2-0otfQA&oe=6988335A
1972209149994199,https://www.facebook.com/ads/library/?id=1972209149994199,"Jan 31, 2026",​,Platforms Open Dropdown,https://scontent.fjrs4-1.fna.fbcdn.net/v/t39.35426-6/624252864_1395327081589497_5321830721475960537_n.jpg?stp=dst-jpg_s60x60_tt6&_nc_cat=107&ccb=1-7&_nc_sid=c53f8f&_nc_ohc=YbGWsJQx7t4Q7kNvwHMC7Ih&_nc_oc=AdkOLW6Ztvm8fQxiiqOyyIMI6j0H815OUeaVYD0Et4Rne3cPKO5q5350G0gz85yaltk&_nc_zt=14&_nc_ht=scontent.fjrs4-1.fna&_nc_gid=N2T392DNB9-57iLwNswo2Q&oh=00_Afse4QpLuR-A1Gi79Nq4c76nocFKyBadEP6u6Cs9S5DFpA&oe=69882DA7
1181181636723475,https://www.facebook.com/ads/library/?id=1181181636723475,"Nov 28, 2025",​,Platforms Open Dropdown,https://scontent.fjrs4-1.fna.fbcdn.net/v/t39.35426-6/589901486_1372686384203824_7702692392024032939_n.jpg?stp=dst-jpg_s60x60_tt6&_nc_cat=110&ccb=1-7&_nc_sid=c53f8f&_nc_ohc=HCWuwklBZ2AQ7kNvwEhRBsn&_nc_oc=AdlMISGIk03_ZOk8fWeb6M3cz8RJN3ZytvOq-kciAeJVpMBdQgaNKLP-tSlTVFpdAok&_nc_zt=14&_nc_ht=scontent.fjrs4-1.fna&_nc_gid=N2T392DNB9-57iLwNswo2Q&oh=00_Aftd13yrDY1P2JyEgDsC-rJNYpHaDB38kuk2BsgYJaRnAA&oe=69883C4C
1172497788330579,https://www.facebook.com/ads/library/?id=1172497788330579,"Jan 2, 2026",​,Platforms Open Dropdown,https://scontent.fjrs4-1.fna.fbcdn.net/v/t39.35426-6/605827499_905358405778177_159395016006042532_n.jpg?stp=dst-jpg_s60x60_tt6&_nc_cat=107&ccb=1-7&_nc_sid=c53f8f&_nc_ohc=7SZajvbcN_0Q7kNvwF17gzI&_nc_oc=AdkYQ1XZIeBFYSwn3CAxTzM9zGIti0f9Qq83-s7ySN_Quaf_AoHWg2XTZLrJLkhDBkw&_nc_zt=14&_nc_ht=scontent.fjrs4-1.fna&_nc_gid=N2T392DNB9-57iLwNswo2Q&oh=00_AfvAW2ierW5uVQFD_8_EwNAG3BM6Aq1WBUb8xZXjqrGyew&oe=69883679
1416165446546968,https://www.facebook.com/ads/library/?id=1416165446546968,"Jan 23, 2026",​,Platforms Open Dropdown,https://scontent.fjrs4-1.fna.fbcdn.net/v/t39.35426-6/619564791_1407556074362811_6990076674998689067_n.jpg?stp=dst-jpg_s60x60_tt6&_nc_cat=101&ccb=1-7&_nc_sid=c53f8f&_nc_ohc=wi_9jAndaKQQ7kNvwGSlgby&_nc_oc=AdmYgwDjwyhwcNfl5W9NVHOZ86d_WXQUDho1UWXj7dyVaN4TekeuhjVVI7W5N8Kol5g&_nc_zt=14&_nc_ht=scontent.fjrs4-1.fna&_nc_gid=N2T392DNB9-57iLwNswo2Q&oh=00_AfvwpCBLFej-cy_XqWv84ExJJIfGubGFZGNbdaPitQrSgg&oe=69882A2C
1181188957509990,https://www.facebook.com/ads/library/?id=1181188957509990,"Jan 12, 2026",​,Platforms Open Dropdown,https://scontent.fjrs4-1.fna.fbcdn.net/v/t39.35426-6/615414379_1437475784411255_5336042416634089013_n.jpg?stp=dst-jpg_s60x60_tt6&_nc_cat=110&ccb=1-7&_nc_sid=c53f8f&_nc_ohc=S2jYmmb-b6MQ7kNvwEjR4TK&_nc_oc=Adn3WcmasEx6puFpL1wXp_AeHlqmT8Mv829W_mDLGO1fQi0xwA4Jy3PsBov7hwq36vI&_nc_zt=14&_nc_ht=scontent.fjrs4-1.fna&_nc_gid=N2T392DNB9-57iLwNswo2Q&oh=00_AfvMgnKcENmp_Go2Vti_MUNny2__WJEc28HDLxIvQtQZbA&oe=6988360D
868846016149953,https://www.facebook.com/ads/library/?id=868846016149953,"Feb 3, 2026 · Total active time 2 hrs",​,Platforms Open Dropdown,https://scontent.fjrs4-1.fna.fbcdn.net/v/t39.35426-6/626059479_755398160525121_4810756185546721067_n.jpg?stp=dst-jpg_s600x600_tt6&_nc_cat=105&ccb=1-7&_nc_sid=c53f8f&_nc_ohc=4kICAI4oNG4Q7kNvwEezrH4&_nc_oc=AdkK-FUBlxDjnL0hLy70mTxSs9uLpd_aMZ7t-IKzi4NlGWIXu8ZD-Izeo9GE0F75nQg&_nc_zt=14&_nc_ht=scontent.fjrs4-1.fna&_nc_gid=rhMbQ-4sNc7WLWJHu6vPkw&oh=00_Afunjh23UrxPad1jH0XhMjlP1Rr_F6tT1zV04b_FyPw5Yw&oe=69884CA7
1681667046581773,https://www.facebook.com/ads/library/?id=1681667046581773,"Jan 2, 2026",​,Platforms Open Dropdown,https://scontent.fjrs4-1.fna.fbcdn.net/v/t39.35426-6/608308779_875206705158728_2205794740091864250_n.jpg?stp=dst-jpg_s60x60_tt6&_nc_cat=101&ccb=1-7&_nc_sid=c53f8f&_nc_ohc=TgTa_cr_V4gQ7kNvwEfvFXz&_nc_oc=Adl15ONWgiao8jXDbUhuisM2UCVSn_T5CPfjD8EYjMEhFSwzww7KIGh6XyzcMvaUsVU&_nc_zt=14&_nc_ht=scontent.fjrs4-1.fna&_nc_gid=rhMbQ-4sNc7WLWJHu6vPkw&oh=00_Afum9NfA4T9Ny1-DaAzyr1wg0FTzDfBLpMlErPT0wnkDiA&oe=69884C47
1184449247012023,https://www.facebook.com/ads/library/?id=1184449247012023,"Feb 1, 2026",​,Platforms Categories Open Dropdown,https://scontent.fjrs4-1.fna.fbcdn.net/v/t39.35426-6/625261385_1562285788371852_3895496612463749760_n.jpg?stp=dst-jpg_s60x60_tt6&_nc_cat=108&ccb=1-7&_nc_sid=c53f8f&_nc_ohc=SXDwruwcFp8Q7kNvwHQFTnq&_nc_oc=Adni5SaVqLZsLovbhZplmeJTxHJ8awY9iYGl8RZY434j96CCYnw1XvCJyjwYnSCvWf0&_nc_zt=14&_nc_ht=scontent.fjrs4-1.fna&_nc_gid=rhMbQ-4sNc7WLWJHu6vPkw&oh=00_AfttcmDGyBEAvWBGvsD6HM2rb8KX5VsiDJJOfg7kOa-yrw&oe=698842D3
1175461604575532,https://www.facebook.com/ads/library/?id=1175461604575532,"Jan 13, 2026",​,Platforms Open Dropdown,https://scontent.fjrs4-1.fna.fbcdn.net/v/t39.35426-6/608962519_4288091261406396_6573978158269540763_n.jpg?stp=dst-jpg_s60x60_tt6&_nc_cat=108&ccb=1-7&_nc_sid=c53f8f&_nc_ohc=MYkGCZ0Ep2MQ7kNvwE75ykL&_nc_oc=Adkhx8N9Pg-M2tyNPKJq90jrEs7rVnKd5Lv9K1_nqn6-lLMR4LzmMQIjXmPyyiS_ZN0&_nc_zt=14&_nc_ht=scontent.fjrs4-1.fna&_nc_gid=rhMbQ-4sNc7WLWJHu6vPkw&oh=00_AfvyfnvHFU5ABtcRuqbM-pbQFruhmIX4jp1LLCHxbYZCRg&oe=69884946
1597979391344811,https://www.facebook.com/ads/library/?id=1597979391344811,"Feb 3, 2026 · Total active time 4 hrs",​,Platforms Open Dropdown,https://scontent.fjrs4-1.fna.fbcdn.net/v/t39.35426-6/625681834_2490121008050369_3448303527760680221_n.jpg?stp=dst-jpg_s60x60_tt6&_nc_cat=109&ccb=1-7&_nc_sid=c53f8f&_nc_ohc=j9dDsD5tkDQQ7kNvwGAt48U&_nc_oc=Adn1HfzXgF7LhD640alUiRqYMZiSDaM1c2-xjsChp2BI3w6iRIQk4Ss8ItxDQBhD1t8&_nc_zt=14&_nc_ht=scontent.fjrs4-1.fna&_nc_gid=rhMbQ-4sNc7WLWJHu6vPkw&oh=00_AfuSDgD_pX-z3pwaIpAmX_5S1mkmRPGPw3x2bUF5Q0nM2A&oe=69884720
1555640399100556,https://www.facebook.com/ads/library/?id=1555640399100556,"Jan 30, 2026",​,Platforms Open Dropdown,https://scontent.fjrs4-1.fna.fbcdn.net/v/t39.35426-6/622373255_881625397908347_6922804390365182299_n.jpg?stp=dst-jpg_s60x60_tt6&_nc_cat=110&ccb=1-7&_nc_sid=c53f8f&_nc_ohc=_Mdlaux8DeAQ7kNvwGMRUOq&_nc_oc=Adkfj3TGofwE10uSDDBGoGlYkPomcNqjqt7lmySW3UiinWsAOD3Ft6wr87SP80PzPL0&_nc_zt=14&_nc_ht=scontent.fjrs4-1.fna&_nc_gid=rhMbQ-4sNc7WLWJHu6vPkw&oh=00_Afv6PBYvad3URA7qTMBHLSxtn1w3Xe80HXTifGiQLFXfSw&oe=69882A8E
907276901885647,https://www.facebook.com/ads/library/?id=907276901885647,"Feb 1, 2026",​,Platforms Categories Open Dropdown,https://scontent.fjrs4-1.fna.fbcdn.net/v/t39.35426-6/625343198_1186606833461760_7214216410351889742_n.jpg?stp=dst-jpg_s60x60_tt6&_nc_cat=107&ccb=1-7&_nc_sid=c53f8f&_nc_ohc=vHdhZgpA7C8Q7kNvwG-mmt4&_nc_oc=AdnCSwhMBEFWgAd8pLCUm1-LPBTjdUMPAxxf2VthbVXr7WHF0C05ISHVVkWzKDd3Aj4&_nc_zt=14&_nc_ht=scontent.fjrs4-1.fna&_nc_gid=rhMbQ-4sNc7WLWJHu6vPkw&oh=00_AfsNayucZeoDfPFOBLT4YIdinFWEm32aMO4AqOgAzGrwaw&oe=69882C13
1206898681565169,https://www.facebook.com/ads/library/?id=1206898681565169,"Jan 13, 2026",​,Platforms Open Dropdown,https://scontent.fjrs4-1.fna.fbcdn.net/v/t39.35426-6/605747910_1829306981069521_6182625854178598054_n.jpg?stp=dst-jpg_s60x60_tt6&_nc_cat=108&ccb=1-7&_nc_sid=c53f8f&_nc_ohc=TBSwIT3qgRAQ7kNvwHf1AS4&_nc_oc=Adld6c6wwNr_xDLKMR3SeQwcj_mkgz2ntsdS3t9WPzyPGJgu0ZhhCg1wk8jah-SjcwM&_nc_zt=14&_nc_ht=scontent.fjrs4-1.fna&_nc_gid=W67tzxl5HT9EtPOJxWIlKA&oh=00_AfuGx-RYVuGaWn6eU_q6Cfs8K5QvqCajZev5a1mgmEy9wQ&oe=69885A97
1098361208890962,https://www.facebook.com/ads/library/?id=1098361208890962,"Nov 28, 2025",​,Platforms Open Dropdown,https://scontent.fjrs4-1.fna.fbcdn.net/v/t39.35426-6/589887938_3632399546897540_6678386565050033393_n.jpg?stp=dst-jpg_s60x60_tt6&_nc_cat=109&ccb=1-7&_nc_sid=c53f8f&_nc_ohc=SY2SIxc1p9EQ7kNvwH4nRNL&_nc_oc=AdnRW61hv-KvWuWAQVfErk95kpIEwTY8i1OTHt5AqSlnua5-5wm7AsHKBBUhmicrak0&_nc_zt=14&_nc_ht=scontent.fjrs4-1.fna&_nc_gid=W67tzxl5HT9EtPOJxWIlKA&oh=00_AftrMLWwY_sJxQ2iF2qcuv8xW1HO0NGV_8c7kHGTPGtzog&oe=698858D3
884466430848231,https://www.facebook.com/ads/library/?id=884466430848231,"Feb 3, 2026 · Total active time 8 hrs",​,Platforms Open Dropdown,https://scontent.fjrs4-1.fna.fbcdn.net/v/t39.35426-6/627764505_2116410555838731_7377371928640403183_n.jpg?stp=dst-jpg_s60x60_tt6&_nc_cat=106&ccb=1-7&_nc_sid=c53f8f&_nc_ohc=hlwNKDSwLAIQ7kNvwGCCc5y&_nc_oc=AdltGlVYu1ZxmUXNmS3SmntyBhBxfkh-xbr-unV9UUc3E1TWOhTuqjT78DchreX3UJ0&_nc_zt=14&_nc_ht=scontent.fjrs4-1.fna&_nc_gid=W67tzxl5HT9EtPOJxWIlKA&oh=00_AftCb9sW9MtVN-ReWBpl6psszxdz0_1C95Z5yjGD3Pri9A&oe=6988464F
25484619154534154,https://www.facebook.com/ads/library/?id=25484619154534154,"Jan 6, 2026",​,Platforms Open Dropdown,https://scontent.fjrs4-1.fna.fbcdn.net/v/t39.35426-6/608980776_26123678820573740_3027692301607556154_n.jpg?stp=dst-jpg_s60x60_tt6&_nc_cat=107&ccb=1-7&_nc_sid=c53f8f&_nc_ohc=BRb8xphngQUQ7kNvwHZ4VYg&_nc_oc=AdmyuXccxPZGkuu1RhLa0ZU9CM8AO_X0yoX_jjb8tazfcwtX2bubzJbGLRCMHs6DYZM&_nc_zt=14&_nc_ht=scontent.fjrs4-1.fna&_nc_gid=ZxghCFdpkkydegbB0b1MGg&oh=00_AfvGXmnGEpS654tDdigQ6C-D-9mZ-xJpBZNaqHzyWSEtQA&oe=69883E42
1234092998645246,https://www.facebook.com/ads/library/?id=1234092998645246,"Jan 12, 2026",​,Platforms Open Dropdown,https://scontent.fjrs4-1.fna.fbcdn.net/v/t39.35426-6/615162358_2376569082859272_7707039520456904379_n.jpg?stp=dst-jpg_s60x60_tt6&_nc_cat=108&ccb=1-7&_nc_sid=c53f8f&_nc_ohc=s46irqvC9acQ7kNvwEQP9Yc&_nc_oc=AdnbSoHBsI947Gb-kvwOsE5odJPfVY-3lWsF1mi1-TDAfKAeYGX_w-TzFeBj8MFiw7Q&_nc_zt=14&_nc_ht=scontent.fjrs4-1.fna&_nc_gid=ZxghCFdpkkydegbB0b1MGg&oh=00_Afucw4mbR3IF16zr15_LavXrsj7ix9vy8CU3Xfg2LdsZKA&oe=698827D7
843813225154938,https://www.facebook.com/ads/library/?id=843813225154938,"Jan 12, 2026",​,Platforms Open Dropdown,https://scontent.fjrs4-1.fna.fbcdn.net/v/t39.35426-6/615177617_938089399008000_433104209071830210_n.jpg?stp=dst-jpg_s60x60_tt6&_nc_cat=109&ccb=1-7&_nc_sid=c53f8f&_nc_ohc=GX6CfS36_yMQ7kNvwE1kpCM&_nc_oc=AdlPA5kX8cCUh47eQfrwljgGrR2KbVlILvu-uzVJ9sId_ElplvJh3RVLvaADpWji_dw&_nc_zt=14&_nc_ht=scontent.fjrs4-1.fna&_nc_gid=ZxghCFdpkkydegbB0b1MGg&oh=00_Afu1uNpGs_CtE0rlcmu7I-B5knKWb27mTXI9dramXT25CQ&oe=698853BD
26003831889252171,https://www.facebook.com/ads/library/?id=26003831889252171,"Feb 2, 2026",​,Platforms Open Dropdown,https://scontent.fjrs4-1.fna.fbcdn.net/v/t39.35426-6/622885782_1383859189882495_4065446063278015046_n.jpg?stp=dst-jpg_s60x60_tt6&_nc_cat=108&ccb=1-7&_nc_sid=c53f8f&_nc_ohc=t1rgmxXlkYMQ7kNvwH_PwN_&_nc_oc=Adn3ls-MBfIXJLay9zbJCzD1VjMMvubWgrIuh6y67jIzFPSgiGl8nnpnpVatq2Z9X8w&_nc_zt=14&_nc_ht=scontent.fjrs4-1.fna&_nc_gid=ZxghCFdpkkydegbB0b1MGg&oh=00_AfvUHsLiIXyZaxPeUh53vXFc424j7rPFZkUf6_hAEA6dvg&oe=698830F6
870094045763291,https://www.facebook.com/ads/library/?id=870094045763291,"Jan 18, 2026",​,Platforms Open Dropdown,https://scontent.fjrs4-1.fna.fbcdn.net/v/t39.35426-6/605613787_855353974040675_739058136102763944_n.jpg?stp=dst-jpg_s60x60_tt6&_nc_cat=102&ccb=1-7&_nc_sid=c53f8f&_nc_ohc=xQfl9qUY-ZMQ7kNvwHKZb_K&_nc_oc=AdkyPcC8ukDrk9WGMZAxoTRRvLN7bXNhXerXwssr0M-zSOwrcHTbKa5KguGzQ743rQk&_nc_zt=14&_nc_ht=scontent.fjrs4-1.fna&_nc_gid=ZxghCFdpkkydegbB0b1MGg&oh=00_AfvjpYzQQfsJGLhA-pyrB4TaNZ78DvPsWCseOqAqVSk5GA&oe=69884E90
4253296584939723,https://www.facebook.com/ads/library/?id=4253296584939723,"Jan 14, 2026",​,Platforms Open Dropdown,https://scontent.fjrs4-1.fna.fbcdn.net/v/t39.35426-6/615280587_2191956128298663_6107115923858063626_n.jpg?stp=dst-jpg_s60x60_tt6&_nc_cat=103&ccb=1-7&_nc_sid=c53f8f&_nc_ohc=ZUtMlmHWEusQ7kNvwGXe6BY&_nc_oc=Adk_XioqEwiWh6JqhiOWHROsIPlKZE97XkX6oEBnngH4Z4WB-D9SQjCHtkgYcS64Pnk&_nc_zt=14&_nc_ht=scontent.fjrs4-1.fna&_nc_gid=UOEonnMeJk43iif_IBPkjA&oh=00_Afvv1MG9f6uvZnUWszO-9e7vZtwfqP3_4Bi8sOAs0HpTuw&oe=698832CA
1188161463431807,https://www.facebook.com/ads/library/?id=1188161463431807,"Jan 23, 2026",​,Platforms Open Dropdown,https://scontent.fjrs4-1.fna.fbcdn.net/v/t39.35426-6/616846681_1181621460850115_6502397477441256810_n.jpg?stp=dst-jpg_s60x60_tt6&_nc_cat=110&ccb=1-7&_nc_sid=c53f8f&_nc_ohc=EEa1_-Yw0eoQ7kNvwEzTQJ8&_nc_oc=AdncoKBzSDTNlxRMAMn-ypjCs3Y0l8Y_oGY1lGONigC9kwUrfG0b0AF4_zuB5DNx90g&_nc_zt=14&_nc_ht=scontent.fjrs4-1.fna&_nc_gid=UOEonnMeJk43iif_IBPkjA&oh=00_AfvHf4owY34zh-wMR2EesCV-aiP4a8X11_TYd2QJq5VpQw&oe=69882A8A
1246651084010827,https://www.facebook.com/ads/library/?id=1246651084010827,"Jan 13, 2026",​,Platforms Open Dropdown,https://scontent.fjrs4-1.fna.fbcdn.net/v/t39.35426-6/615633794_2080244772808645_6026643489035914276_n.jpg?stp=dst-jpg_s60x60_tt6&_nc_cat=102&ccb=1-7&_nc_sid=c53f8f&_nc_ohc=LLOyIHP9BiYQ7kNvwH1Pjp_&_nc_oc=Adlka2-Bpxb0CpjtJYBEnPrbfUwp2ysIRTDoVDmL4nKlQP-OZ3H4dc_R_KSEyRqxP8Y&_nc_zt=14&_nc_ht=scontent.fjrs4-1.fna&_nc_gid=UOEonnMeJk43iif_IBPkjA&oh=00_Afs0iNZWwU3AYZTOXsm2glHeQAifVNhsZB5wE8blX8ETxg&oe=69883866
4127045257556959,https://www.facebook.com/ads/library/?id=4127045257556959,"Jan 12, 2026",​,Platforms Open Dropdown,https://scontent.fjrs4-1.fna.fbcdn.net/v/t39.35426-6/615414950_752120180752125_2481136023470548780_n.jpg?stp=dst-jpg_s60x60_tt6&_nc_cat=106&ccb=1-7&_nc_sid=c53f8f&_nc_ohc=5Ocn0eqwrKEQ7kNvwGj-VFs&_nc_oc=AdmzJdWT94DD5y1h1uq2-qpNgsktHNwUmeidnxyF3v9Ve8zYSuQe4tDWSadLJMkEXJQ&_nc_zt=14&_nc_ht=scontent.fjrs4-1.fna&_nc_gid=UOEonnMeJk43iif_IBPkjA&oh=00_AftGuRnxzCBHXjtIfhXqc1PIbWksAJxNUAWdAZNU59iFMg&oe=69884EDC
1394598648774085,https://www.facebook.com/ads/library/?id=1394598648774085,"Jan 20, 2026",​,Platforms Open Dropdown,https://scontent.fjrs4-1.fna.fbcdn.net/v/t39.35426-6/615790783_949817910716327_6788047563876761524_n.jpg?stp=dst-jpg_s60x60_tt6&_nc_cat=104&ccb=1-7&_nc_sid=c53f8f&_nc_ohc=D5ZdhCl366AQ7kNvwGBUlLc&_nc_oc=Admg2_vCKgg0t6V3Q0ZTZJ_SKGk2Ch1FAc5yeuSzrpTRbbZxiLjKlHxmID3RaW7iWEg&_nc_zt=14&_nc_ht=scontent.fjrs4-1.fna&_nc_gid=UOEonnMeJk43iif_IBPkjA&oh=00_Afvf9dGS_Gpk3Qr6TECcQAvMKaBwLy6CJo2URrJFtJpakA&oe=69883393
1177284597720974,https://www.facebook.com/ads/library/?id=1177284597720974,"Jan 5, 2026",​,Platforms Open Dropdown,https://scontent.fjrs4-1.fna.fbcdn.net/v/t39.35426-6/611339485_2930683980596024_4798011490779117212_n.jpg?stp=dst-jpg_s60x60_tt6&_nc_cat=110&ccb=1-7&_nc_sid=c53f8f&_nc_ohc=CkJoLwPrHmcQ7kNvwGTHHmo&_nc_oc=AdmtZQPUkVKia2LlmZ7rLAZNjHviRC25l1cW_txjEm-ES1XF6uzAQjQjPpzurslHVHY&_nc_zt=14&_nc_ht=scontent.fjrs4-1.fna&_nc_gid=UOEonnMeJk43iif_IBPkjA&oh=00_AfsEznk4kl1HgPupNdC_a_h51O2QIKJ9Dua-xdyELi8dxQ&oe=698850E3
1947807249497231,https://www.facebook.com/ads/library/?id=1947807249497231,"Jan 20, 2026",​,Platforms Open Dropdown,https://scontent.fjrs4-1.fna.fbcdn.net/v/t39.35426-6/616364762_886067210635548_6188950348473303847_n.jpg?stp=dst-jpg_s60x60_tt6&_nc_cat=101&ccb=1-7&_nc_sid=c53f8f&_nc_ohc=yMSlqZFfTlYQ7kNvwFELUtL&_nc_oc=Adnddi5oC3cwJsqv-4Mo3IFcFFeSCorS6a1roP0ODqGvyoRA9Ewlfi7PwRzjBYJNMYs&_nc_zt=14&_nc_ht=scontent.fjrs4-1.fna&_nc_gid=UOEonnMeJk43iif_IBPkjA&oh=00_AfudHQwElACb4YpgiTezNqPWTdyUeleMBjLueSTh18n_TQ&oe=69885217
874679875277497,https://www.facebook.com/ads/library/?id=874679875277497,"Jan 26, 2026",​,Platforms Open Dropdown,https://scontent.fjrs4-1.fna.fbcdn.net/v/t39.35426-6/618583167_653965957773202_2949091907527593860_n.jpg?stp=dst-jpg_s60x60_tt6&_nc_cat=102&ccb=1-7&_nc_sid=c53f8f&_nc_ohc=1bm8MAs2nbcQ7kNvwHwOrrl&_nc_oc=AdmXYF9UTLDy01Y9YCO2UOVuDl9Z7ZwPCiMy6Qccdn3aOFrzy2BH0OTB6pavvX5gsrM&_nc_zt=14&_nc_ht=scontent.fjrs4-1.fna&_nc_gid=UOEonnMeJk43iif_IBPkjA&oh=00_AftaHYuYiSHSo2pH4DSyAnBggpChcVf5sWU4-HaQZAfuYg&oe=69883533
3500630913419210,https://www.facebook.com/ads/library/?id=3500630913419210,"Jan 29, 2026",​,Platforms Open Dropdown,https://scontent.fjrs4-1.fna.fbcdn.net/v/t39.35426-6/623385636_1615052293254689_983005115141213420_n.jpg?stp=dst-jpg_s60x60_tt6&_nc_cat=101&ccb=1-7&_nc_sid=c53f8f&_nc_ohc=XWbowWhGlzgQ7kNvwH9KvBL&_nc_oc=AdlGOH3V08KmZI7CaXVpw4LxWEUz8bF7vTJhEtXQvmOHwJaVBbK7yAJckYAlP9L85ZA&_nc_zt=14&_nc_ht=scontent.fjrs4-1.fna&_nc_gid=UOEonnMeJk43iif_IBPkjA&oh=00_Afsiz7udgI7lX944Xa3WBLCb368HuMMaFZ7u_z5uZsPRJA&oe=69885468
1344974517645262,https://www.facebook.com/ads/library/?id=1344974517645262,"Jan 14, 2026",​,Platforms Open Dropdown,https://scontent.fjrs4-1.fna.fbcdn.net/v/t39.35426-6/615167764_1610674586784701_6566552127797930243_n.jpg?stp=dst-jpg_s60x60_tt6&_nc_cat=108&ccb=1-7&_nc_sid=c53f8f&_nc_ohc=Ci4exUkWoN8Q7kNvwEnS79u&_nc_oc=AdnF3i6TWhDY_jxQtVDlqs-mW4tO4a6WnfzH1YTLpa9PUf3p3F33CaMXmx7-UEW9k8k&_nc_zt=14&_nc_ht=scontent.fjrs4-1.fna&_nc_gid=ed0zYfV0jZNIhavbRrFuLg&oh=00_AfvxQDlHzWcKIT5XbOeioiNYjnBQVqlrdjf8NfCGt2R2yw&oe=69884767
1550361246085614,https://www.facebook.com/ads/library/?id=1550361246085614,"Jan 19, 2026",​,Platforms Open Dropdown,https://scontent.fjrs4-1.fna.fbcdn.net/v/t39.35426-6/618192783_1086308053588840_4644354820076395621_n.jpg?stp=dst-jpg_s60x60_tt6&_nc_cat=103&ccb=1-7&_nc_sid=c53f8f&_nc_ohc=kgt1R4WIufIQ7kNvwE6Xnlu&_nc_oc=AdnjHlKqcTWnzqJU6s71Ube0AAqLLtsu7WMbLn8FhFwIc9sv0aTHwSFnxP9RIbd_qpA&_nc_zt=14&_nc_ht=scontent.fjrs4-1.fna&_nc_gid=ed0zYfV0jZNIhavbRrFuLg&oh=00_AftcvknpqZn3mY94ZFs94FXC3TfEiiw2TV04dPS2zDP2GQ&oe=69882725
1584554279537475,https://www.facebook.com/ads/library/?id=1584554279537475,"Feb 3, 2026 · Total active time 7 hrs",​,Platforms Categories Estimated audience size: >1M Amount spent (CAD): <CA$100 Impressions: 100 - 999 Open Dropdown,https://scontent.fjrs4-1.fna.fbcdn.net/v/t39.35426-6/624578831_765474532787566_2680953420176672651_n.jpg?stp=dst-jpg_s60x60_tt6&_nc_cat=101&ccb=1-7&_nc_sid=c53f8f&_nc_ohc=lJojw2almFYQ7kNvwH9K5jS&_nc_oc=AdmRkh9IJ509gzfyvi5jRUxRDc_oc1Zl7aS8cHB0k_n4epWejd3A-e9YUtjw960JhK4&_nc_zt=14&_nc_ht=scontent.fjrs4-1.fna&_nc_gid=ed0zYfV0jZNIhavbRrFuLg&oh=00_AfsCCBYFJwzyf4M2KnPn8ytYhsgroiiAYklJ8UOMDXHniA&oe=698837EC
2051939498985716,https://www.facebook.com/ads/library/?id=2051939498985716,"Jan 12, 2026",​,Platforms Open Dropdown,https://scontent.fjrs4-1.fna.fbcdn.net/v/t39.35426-6/615575979_2111407669606897_4702955792700299398_n.jpg?stp=dst-jpg_s60x60_tt6&_nc_cat=103&ccb=1-7&_nc_sid=c53f8f&_nc_ohc=GNSLlKPEzWQQ7kNvwEaqCcg&_nc_oc=Adn6a3kkenMSU6q1mi5v38Hz3YCrPxPkYsIqD6vmlmSdECOLu-qFZrum6I0l7kGwv9s&_nc_zt=14&_nc_ht=scontent.fjrs4-1.fna&_nc_gid=ed0zYfV0jZNIhavbRrFuLg&oh=00_Aftv1BglNKdh9f3q0-WQRBsy2jDEVXKAGgb7-M6GZYIqng&oe=69882878
1551051349528023,https://www.facebook.com/ads/library/?id=1551051349528023,"Jan 26, 2026",​,Platforms Open Dropdown,https://scontent.fjrs4-1.fna.fbcdn.net/v/t39.35426-6/621825393_1276964554263853_4233767654921617504_n.jpg?stp=dst-jpg_s60x60_tt6&_nc_cat=104&ccb=1-7&_nc_sid=c53f8f&_nc_ohc=AOE2otQvO28Q7kNvwHxeqqO&_nc_oc=Adno7BbOzelswVqYpX9V1qIVYeGNLvh1qELLEilQgtfP1AktQy5jnFtWjTkYQHbAiFw&_nc_zt=14&_nc_ht=scontent.fjrs4-1.fna&_nc_gid=ed0zYfV0jZNIhavbRrFuLg&oh=00_AfsN9aQy2bXaWn8PrSv3BUpybLXrZp1a1E50dscNDi5TRg&oe=69882B14
894650452913508,https://www.facebook.com/ads/library/?id=894650452913508,"Jan 9, 2026",​,Platforms Open Dropdown,https://scontent.fjrs4-1.fna.fbcdn.net/v/t39.35426-6/613196063_916723177977943_3002005763531153596_n.jpg?stp=dst-jpg_s60x60_tt6&_nc_cat=103&ccb=1-7&_nc_sid=c53f8f&_nc_ohc=BcBn1leVniUQ7kNvwHA2mv_&_nc_oc=AdmwX3iTBBb8PGBQ8LF7t978r2KB1ay2wMnw2Bj4f9mKVys5p2zer1e7zauIaJ6sRCk&_nc_zt=14&_nc_ht=scontent.fjrs4-1.fna&_nc_gid=ed0zYfV0jZNIhavbRrFuLg&oh=00_AfswEB0SV66wFV_K3DsltN0irHny3v4ZzhOtkDPgBmYRpg&oe=6988504E
869840339151699,https://www.facebook.com/ads/library/?id=869840339151699,"Jan 29, 2026",​,Platforms Open Dropdown,https://scontent.fjrs4-1.fna.fbcdn.net/v/t39.35426-6/617538125_2106341706864112_9102437130686098082_n.jpg?stp=dst-jpg_s60x60_tt6&_nc_cat=107&ccb=1-7&_nc_sid=c53f8f&_nc_ohc=38tx2RXZwGQQ7kNvwH7mYye&_nc_oc=Adl5IhI2F-xKatQ8-zsgxADcjI7TORN6ad3MALxaTVPHgG9l1sH1CZi46WUCGeEuM6M&_nc_zt=14&_nc_ht=scontent.fjrs4-1.fna&_nc_gid=ed0zYfV0jZNIhavbRrFuLg&oh=00_AftPRLX8I2ZeX7GQ2pAmhKnatZRwGmAHag5S0_z3AXfi3A&oe=69883ED3
2095599254547444,https://www.facebook.com/ads/library/?id=2095599254547444,"Jan 19, 2026",​,Platforms Open Dropdown,https://scontent.fjrs4-1.fna.fbcdn.net/v/t39.35426-6/616798695_775074218262907_5550584068187487414_n.jpg?stp=dst-jpg_s60x60_tt6&_nc_cat=109&ccb=1-7&_nc_sid=c53f8f&_nc_ohc=0PyLbo2oRmoQ7kNvwEAdBU3&_nc_oc=AdnlMQRVbAR4vhKYyf5qe-I37lYvLYvV_ucDga77XwRqMcrgwPDrc0P_CdfgqmgRCjs&_nc_zt=14&_nc_ht=scontent.fjrs4-1.fna&_nc_gid=_ODPK28jeUwoONAJ6abKkg&oh=00_Afsqfzp580Z0Lyby8Z0qw_5_OWm5tgmZFjcN-oG5t_Zs3w&oe=698823C2
1599042828086132,https://www.facebook.com/ads/library/?id=1599042828086132,"Jan 5, 2026",​,Platforms Open Dropdown,https://scontent.fjrs4-1.fna.fbcdn.net/v/t39.35426-6/611125796_910473014686157_1763420575718574789_n.jpg?stp=dst-jpg_s60x60_tt6&_nc_cat=109&ccb=1-7&_nc_sid=c53f8f&_nc_ohc=Sbni_XxdlAcQ7kNvwEQxJnb&_nc_oc=Adl17H3pZcXoEnsCla4O5hbN2e0PhJKrPPF5jR5nBdxH0sdd0z44PQsFqLxKbdUGPSM&_nc_zt=14&_nc_ht=scontent.fjrs4-1.fna&_nc_gid=_ODPK28jeUwoONAJ6abKkg&oh=00_AfsXVbYyzhZ9xRwx0Ed2rDCg5uB3CrQyKXlFAB56z5CUHw&oe=698845DC
1677555236551045,https://www.facebook.com/ads/library/?id=1677555236551045,"Jan 5, 2026",​,Platforms Open Dropdown,https://scontent.fjrs4-1.fna.fbcdn.net/v/t39.35426-6/608003023_708804372088704_8622641102276727094_n.jpg?stp=dst-jpg_s60x60_tt6&_nc_cat=104&ccb=1-7&_nc_sid=c53f8f&_nc_ohc=DMfDuj7eVk0Q7kNvwHHQC2s&_nc_oc=Adk0M5PM-MbeEr10Xk19OKlnF7lLDiorTYomqkJb_7F76TGQblpLKVgGGlzhdtcdY8Y&_nc_zt=14&_nc_ht=scontent.fjrs4-1.fna&_nc_gid=_ODPK28jeUwoONAJ6abKkg&oh=00_Afs8JDcyAcbcWEl_8GMy3-22iHqPX3VQ2AoRgM2QNsGTEg&oe=69882AC9
1392518815990060,https://www.facebook.com/ads/library/?id=1392518815990060,"Dec 21, 2025",​,Low impression count Platforms Impressions: <100 Open Dropdown,https://scontent.fjrs4-1.fna.fbcdn.net/v/t39.35426-6/584906006_1795219711123154_5470877486987390096_n.jpg?stp=dst-jpg_s60x60_tt6&_nc_cat=110&ccb=1-7&_nc_sid=c53f8f&_nc_ohc=cneGr3tj9iYQ7kNvwGohxz3&_nc_oc=AdkPVh2th9nOX-49mhJuY7RbPDWminH87us_R1FZ1wAzXrtUXT6AbP6BbZffv8r5Krk&_nc_zt=14&_nc_ht=scontent.fjrs4-1.fna&_nc_gid=_ODPK28jeUwoONAJ6abKkg&oh=00_AftD-HTwYTJjXB3DCQ0RjcKt4qV3B7AbSdSXrApE0KsOng&oe=69885435
898062509395574,https://www.facebook.com/ads/library/?id=898062509395574,"Jan 12, 2026",​,Low impression count Platforms Impressions: <100 Open Dropdown,https://scontent.fjrs4-1.fna.fbcdn.net/v/t39.35426-6/615151892_905672468469982_7775082340627979708_n.jpg?stp=dst-jpg_s60x60_tt6&_nc_cat=107&ccb=1-7&_nc_sid=c53f8f&_nc_ohc=NizpowfD4R8Q7kNvwEA63ez&_nc_oc=Admr_nY86j53PrVFwsgSLASyWnAwnkEp9vPrNuvOXiDFtxkcnmwcSxr3nQk4TvEgeAU&_nc_zt=14&_nc_ht=scontent.fjrs4-1.fna&_nc_gid=_ODPK28jeUwoONAJ6abKkg&oh=00_Aft-IpPnIb270jkRE8DutilM_thsCOLGikvY-qgGLudrMA&oe=698833A4
2100641980766768,https://www.facebook.com/ads/library/?id=2100641980766768,"Jan 14, 2026",​,Low impression count Platforms Impressions: <100 Open Dropdown,https://scontent.fjrs4-1.fna.fbcdn.net/v/t39.35426-6/608647813_1183305030579985_6728649579009672287_n.jpg?stp=dst-jpg_s60x60_tt6&_nc_cat=106&ccb=1-7&_nc_sid=c53f8f&_nc_ohc=Vnnq1pd0mrsQ7kNvwHGX4Os&_nc_oc=AdnRK3D-TdODNfGlOVIkSBgDekxMSo4jMYhQjT5IINV_YvjiEv5Ziq8hjwMMtVrufDo&_nc_zt=14&_nc_ht=scontent.fjrs4-1.fna&_nc_gid=_ODPK28jeUwoONAJ6abKkg&oh=00_Afsmw5b4COZoIBPMWAqvCV2KPpRAR0-DORe9fWBTWiPMrA&oe=69883413
1737675490248360,https://www.facebook.com/ads/library/?id=1737675490248360,"Nov 26, 2025",​,Low impression count Platforms Impressions: <100 Open Dropdown,https://scontent.fjrs4-1.fna.fbcdn.net/v/t39.35426-6/588090222_727461803116527_6242856158757629480_n.jpg?stp=dst-jpg_s60x60_tt6&_nc_cat=100&ccb=1-7&_nc_sid=c53f8f&_nc_ohc=IxSHV_LD6zkQ7kNvwFEhHwN&_nc_oc=Adm4p5-kAf0Y3PFmX1-UrngvMHBhDjdE7tj9wEEZi9I1kqhtW_do_aaWbkMDQcMBhk4&_nc_zt=14&_nc_ht=scontent.fjrs4-1.fna&_nc_gid=QSeQIPdgzRiYz_IXsKAaRA&oh=00_AfvhhsuBaVpKPa1gaFo7XCeaKSHfYIBnagflTyIP1koncQ&oe=69884B67
25805428089097331,https://www.facebook.com/ads/library/?id=25805428089097331,"Feb 3, 2026 · Total active time 2 hrs",​,Low impression count Platforms Impressions: <100 Open Dropdown,https://scontent.fjrs4-1.fna.fbcdn.net/v/t39.35426-6/628058383_1242379251325355_4404264948947463983_n.jpg?stp=dst-jpg_s60x60_tt6&_nc_cat=109&ccb=1-7&_nc_sid=c53f8f&_nc_ohc=WsgOfgtUPI8Q7kNvwHyLuyN&_nc_oc=AdnRBCSW1G-ymSGAjo26KAzjxoM7Ik3R9q_hnpA7SRcBxVkARS7CMJOBLgaBY-bavdY&_nc_zt=14&_nc_ht=scontent.fjrs4-1.fna&_nc_gid=QSeQIPdgzRiYz_IXsKAaRA&oh=00_AfvruZl3seyEHHJzoAVa0h2xsVoWOhrC62_v46X69JwioA&oe=6988388F
916875410697212,https://www.facebook.com/ads/library/?id=916875410697212,"Feb 1, 2026",​,Low impression count Platforms Impressions: <100 Open Dropdown,https://scontent.fjrs4-1.fna.fbcdn.net/v/t39.35426-6/624168735_925539580162499_8321437080997094818_n.jpg?stp=dst-jpg_s60x60_tt6&_nc_cat=101&ccb=1-7&_nc_sid=c53f8f&_nc_ohc=Z5yEV-TXHzcQ7kNvwG3kVbW&_nc_oc=AdkaDG6vbnldr45BTrchSaCYh4uWNIxcvFcOsL-qXn9lBXktOscOeIKY9ZfQOnlAb6E&_nc_zt=14&_nc_ht=scontent.fjrs4-1.fna&_nc_gid=QSeQIPdgzRiYz_IXsKAaRA&oh=00_AftvSaR6HkKSOzPmJvgxGrRW8TaHxyOPAlocuEfbCyo0QQ&oe=698847AD
